11:16:25 - ERROR    - Traceback (most recent call last):
  File "/home/elias/Documents/stm_cast_raspi/.venv/lib/python3.12/site-packages/starlette/routing.py", line 694, in lifespan
    async with self.lifespan_context(app) as maybe_state:
               ^^^^^^^^^^^^^^^^^^^^^^^^^^
  File "/home/elias/Documents/stm_cast_raspi/.venv/lib/python3.12/site-packages/starlette/routing.py", line 571, in __aenter__
    await self._router.startup()
  File "/home/elias/Documents/stm_cast_raspi/.venv/lib/python3.12/site-packages/starlette/routing.py", line 673, in startup
    handler()
  File "/home/elias/Documents/stm_cast_raspi/.venv/lib/python3.12/site-packages/solara/server/starlette.py", line 620, in on_startup
    appmod.ensure_apps_initialized()
  File "/home/elias/Documents/stm_cast_raspi/.venv/lib/python3.12/site-packages/solara/util.py", line 345, in wrapper
    return_value = f()
                   ^^^
  File "/home/elias/Documents/stm_cast_raspi/.venv/lib/python3.12/site-packages/solara/server/app.py", line 542, in ensure_apps_initialized
    app.init()
  File "/home/elias/Documents/stm_cast_raspi/.venv/lib/python3.12/site-packages/solara/server/app.py", line 106, in init
    app = self._execute()
          ^^^^^^^^^^^^^^^
  File "/home/elias/Documents/stm_cast_raspi/.venv/lib/python3.12/site-packages/solara/server/app.py", line 153, in _execute
    routes = [solara.autorouting._generate_route_path(self.path, first=True, initial_namespace=initial_namespace)]
              ^^^^^^^^^^^^^^^^^^^^^^^^^^^^^^^^^^^^^^^^^^^^^^^^^^^^^^^^^^^^^^^^^^^^^^^^^^^^^^^^^^^^^^^^^^^^^^^^^^^
  File "/home/elias/Documents/stm_cast_raspi/.venv/lib/python3.12/site-packages/solara/autorouting.py", line 525, in _generate_route_path
    module = source_to_module(subpath, initial_namespace=initial_namespace)
             ^^^^^^^^^^^^^^^^^^^^^^^^^^^^^^^^^^^^^^^^^^^^^^^^^^^^^^^^^^^^^^
  File "/home/elias/Documents/stm_cast_raspi/.venv/lib/python3.12/site-packages/solara/autorouting.py", line 39, in source_to_module
    exec(ast, mod.__dict__)
  File "/home/elias/Documents/stm_cast_raspi/sol.py", line 9, in <module>
    from ui.pages.neuronal_network import NeuralNetworkPage
  File "/home/elias/Documents/stm_cast_raspi/ui/pages/neuronal_network.py", line 93
    else:  # range
                  ^
IndentationError: unindent does not match any outer indentation level

11:16:25 - ERROR    - Application startup failed. Exiting.
11:19:43 - WARNING  - 5 out of the last 5 calls to <function TensorFlowTrainer.make_predict_function.<locals>.one_step_on_data_distributed at 0x7ffebc31a840> triggered tf.function retracing. Tracing is expensive and the excessive number of tracings could be due to (1) creating @tf.function repeatedly in a loop, (2) passing tensors with different shapes, (3) passing Python objects instead of tensors. For (1), please define your @tf.function outside of the loop. For (2), @tf.function has reduce_retracing=True option that can avoid unnecessary retracing. For (3), please refer to https://www.tensorflow.org/guide/function#controlling_retracing and https://www.tensorflow.org/api_docs/python/tf/function for  more details.
11:19:48 - WARNING  - 6 out of the last 6 calls to <function TensorFlowTrainer.make_predict_function.<locals>.one_step_on_data_distributed at 0x7ffebc74b380> triggered tf.function retracing. Tracing is expensive and the excessive number of tracings could be due to (1) creating @tf.function repeatedly in a loop, (2) passing tensors with different shapes, (3) passing Python objects instead of tensors. For (1), please define your @tf.function outside of the loop. For (2), @tf.function has reduce_retracing=True option that can avoid unnecessary retracing. For (3), please refer to https://www.tensorflow.org/guide/function#controlling_retracing and https://www.tensorflow.org/api_docs/python/tf/function for  more details.
11:22:16 - INFO     - Function `function` contains input name(s) resource with unsupported characters which will be renamed to sequential_30_1_dense_76_1_add_readvariableop_resource in the SavedModel.
11:22:16 - INFO     - Function `function` contains input name(s) resource with unsupported characters which will be renamed to sequential_30_1_dense_76_1_add_readvariableop_resource in the SavedModel.
11:22:16 - INFO     - Assets written to: /tmp/tmp_k4si3es/assets
11:24:24 - INFO     - Assets written to: /tmp/tmpb5bi7ukt/assets
11:27:29 - INFO     - Assets written to: /tmp/tmpje2mxpag/assets
11:31:27 - INFO     - Assets written to: /tmp/tmpsei8mthz/assets
11:41:34 - INFO     - 🔍 Discovery attempt 1/3
11:41:54 - INFO     - ✅ Discovered server at http://192.168.178.43:5000 (via port 5003)
11:41:54 - INFO     - 
🔍 Checking server health...
11:41:54 - INFO     - ✅ Server is healthy!
11:41:54 - INFO     - Uploading neural network models to the server...
11:41:54 - INFO     - Uploading model for choice 1...
11:45:03 - INFO     - 🔍 Discovery attempt 1/3
11:45:24 - INFO     - ✅ Discovered server at http://192.168.178.43:5000 (via port 5003)
11:45:24 - INFO     - 
🔍 Checking server health...
11:45:24 - INFO     - ✅ Server is healthy!
11:45:24 - INFO     - Uploading neural network models to the server...
11:45:24 - INFO     - Uploading model for choice 1...
11:48:48 - INFO     - 🔍 Discovery attempt 1/3
11:49:08 - INFO     - ✅ Discovered server at http://192.168.178.43:5000 (via port 5003)
11:49:08 - INFO     - 
🔍 Checking server health...
11:49:08 - INFO     - ✅ Server is healthy!
11:49:08 - INFO     - Uploading neural network models to the server...
11:49:08 - INFO     - Uploading model for choice 1...
11:49:08 - INFO     - ✅ PASSED
11:49:08 - INFO     - Generating code for the uploaded model...
11:49:08 - INFO     - Generating code for model choice 1...
11:49:16 - INFO     - Generated code: ['err_seq_1']
11:49:16 - INFO     - ✅ PASSED
09:40:40 - INFO     - 🔍 Discovery attempt 1/3
09:40:40 - INFO     - ✅ Discovered server at http://192.168.178.41:5000 (via port 5001)
09:40:40 - INFO     - 
🔍 Checking server health...
09:40:41 - INFO     - ✅ Server is healthy!
09:41:40 - INFO     - 🔍 Discovery attempt 1/3
09:41:40 - INFO     - ✅ Discovered server at http://192.168.178.41:5000 (via port 5001)
09:41:40 - INFO     - 
🔍 Checking server health...
09:41:41 - INFO     - ✅ Server is healthy!
09:41:41 - INFO     - Uploading neural network models to the server...
09:41:41 - INFO     - Uploading model for choice 1...
09:41:41 - INFO     - Uploading model for choice 2...
09:41:41 - INFO     - Uploading model for choice 3...
09:41:41 - INFO     - Uploading model for choice 4...
09:41:41 - INFO     - Uploading model for choice 5...
09:41:41 - INFO     - Uploading model for choice 6...
09:41:41 - INFO     - Uploading model for choice 7...
09:41:41 - INFO     - Uploading model for choice 8...
09:41:41 - INFO     - Uploading model for choice 9...
09:41:41 - INFO     - Uploading model for choice 10...
09:41:41 - INFO     - Uploading model for choice 11...
09:41:41 - INFO     - Uploading model for choice 12...
09:41:41 - INFO     - Uploading model for choice 13...
09:41:41 - INFO     - Uploading model for choice 14...
09:41:41 - INFO     - Uploading model for choice 15...
09:41:41 - INFO     - Uploading model for choice 16...
09:41:41 - INFO     - Uploading model for choice 17...
09:41:41 - INFO     - Uploading model for choice 18...
09:41:41 - INFO     - Uploading model for choice 19...
09:41:41 - INFO     - Uploading model for choice 20...
09:41:41 - INFO     - Uploading model for choice 21...
09:41:41 - INFO     - Uploading model for choice 22...
09:41:41 - INFO     - Uploading model for choice 23...
09:41:41 - INFO     - ✅ PASSED
09:41:41 - INFO     - Generating code for the uploaded model...
09:41:41 - INFO     - Generating code for model choice 1...
10:47:09 - INFO     - 🔍 Discovery attempt 1/3
10:47:10 - INFO     - ✅ Discovered server at http://192.168.178.41:5000 (via port 5001)
10:47:10 - INFO     - 
🔍 Checking server health...
10:47:10 - INFO     - ✅ Server is healthy!
10:47:10 - INFO     - Uploading neural network models to the server...
10:47:10 - INFO     - Uploading model for choice 1...
10:47:10 - INFO     - Uploading model for choice 2...
10:47:10 - INFO     - Uploading model for choice 3...
10:47:10 - INFO     - Uploading model for choice 4...
10:47:10 - INFO     - Uploading model for choice 5...
10:47:10 - INFO     - Uploading model for choice 6...
10:47:10 - INFO     - Uploading model for choice 7...
10:47:10 - INFO     - Uploading model for choice 8...
10:47:10 - INFO     - Uploading model for choice 9...
10:47:11 - INFO     - Uploading model for choice 10...
10:47:11 - INFO     - Uploading model for choice 11...
10:47:11 - INFO     - Uploading model for choice 12...
10:47:11 - INFO     - Uploading model for choice 13...
10:47:11 - INFO     - Uploading model for choice 14...
10:47:11 - INFO     - Uploading model for choice 15...
10:47:11 - INFO     - Uploading model for choice 16...
10:47:11 - INFO     - Uploading model for choice 17...
10:47:11 - INFO     - Uploading model for choice 18...
10:47:11 - INFO     - Uploading model for choice 19...
10:47:11 - INFO     - Uploading model for choice 20...
10:47:11 - INFO     - Uploading model for choice 21...
10:47:11 - INFO     - Uploading model for choice 22...
10:47:11 - INFO     - Uploading model for choice 23...
10:47:11 - INFO     - ✅ PASSED
10:47:11 - INFO     - Generating code for the uploaded model...
10:47:11 - INFO     - Generating code for model choice 1...
11:00:30 - INFO     - 🔍 Discovery attempt 1/3
11:00:30 - INFO     - ✅ Discovered server at http://192.168.178.41:5000 (via port 5001)
11:00:30 - INFO     - 
🔍 Checking server health...
11:00:30 - INFO     - ✅ Server is healthy!
11:00:30 - INFO     - Uploading neural network models to the server...
11:00:30 - INFO     - Uploading model for choice 1...
11:00:30 - INFO     - Uploading model for choice 2...
11:00:30 - INFO     - Uploading model for choice 3...
11:00:30 - INFO     - Uploading model for choice 4...
11:00:30 - INFO     - Uploading model for choice 5...
11:00:30 - INFO     - Uploading model for choice 6...
11:00:30 - INFO     - Uploading model for choice 7...
11:00:30 - INFO     - Uploading model for choice 8...
11:00:30 - INFO     - Uploading model for choice 9...
11:00:30 - INFO     - Uploading model for choice 10...
11:00:30 - INFO     - Uploading model for choice 11...
11:00:31 - INFO     - Uploading model for choice 12...
11:00:31 - INFO     - Uploading model for choice 13...
11:00:31 - INFO     - Uploading model for choice 14...
11:00:31 - INFO     - Uploading model for choice 15...
11:00:31 - INFO     - Uploading model for choice 16...
11:00:31 - INFO     - Uploading model for choice 17...
11:00:31 - INFO     - Uploading model for choice 18...
11:00:31 - INFO     - Uploading model for choice 19...
11:00:31 - INFO     - Uploading model for choice 20...
11:00:31 - INFO     - Uploading model for choice 21...
11:00:31 - INFO     - Uploading model for choice 22...
11:00:31 - INFO     - Uploading model for choice 23...
11:00:31 - INFO     - ✅ PASSED
11:00:31 - INFO     - Generating code for the uploaded model...
11:00:31 - INFO     - Generating code for model choice 1...
11:02:48 - INFO     - Generated code: ['err_seq_1']
11:02:48 - INFO     - Generating code for model choice 2...
11:02:58 - INFO     - Generated code: ['err_seq_1', 'err_seq_2']
11:02:58 - INFO     - Generating code for model choice 3...
11:03:07 - INFO     - Generated code: ['err_seq_1', 'err_seq_2', 'err_seq_3']
11:03:07 - INFO     - Generating code for model choice 4...
11:03:17 - INFO     - Generated code: ['err_seq_1', 'err_seq_2', 'err_seq_3', 'err_seq_4']
11:03:17 - INFO     - Generating code for model choice 5...
11:03:27 - INFO     - Generated code: ['err_seq_1', 'err_seq_2', 'err_seq_3', 'err_seq_4', 'err_seq_5']
11:03:27 - INFO     - Generating code for model choice 6...
11:03:35 - INFO     - Generated code: ['err_seq_1', 'err_seq_2', 'err_seq_3', 'err_seq_4', 'err_seq_5', 'err_seq_6']
11:03:35 - INFO     - Generating code for model choice 7...
11:03:45 - INFO     - Generated code: ['err_seq_1', 'err_seq_2', 'err_seq_3', 'err_seq_4', 'err_seq_5', 'err_seq_6', 'err_seq_7']
11:03:45 - INFO     - Generating code for model choice 8...
11:03:55 - INFO     - Generated code: ['err_seq_1', 'err_seq_2', 'err_seq_3', 'err_seq_4', 'err_seq_5', 'err_seq_6', 'err_seq_7', 'err_seq_8']
11:03:55 - INFO     - Generating code for model choice 9...
11:04:03 - INFO     - Generated code: ['err_seq_1', 'err_seq_2', 'err_seq_3', 'err_seq_4', 'err_seq_5', 'err_seq_6', 'err_seq_7', 'err_seq_8', 'err_seq_9']
11:04:03 - INFO     - Generating code for model choice 10...
11:04:12 - INFO     - Generated code: ['err_seq_1', 'err_seq_2', 'err_seq_3', 'err_seq_4', 'err_seq_5', 'err_seq_6', 'err_seq_7', 'err_seq_8', 'err_seq_9', 'err_seq_10']
11:04:12 - INFO     - Generating code for model choice 11...
11:04:21 - INFO     - Generated code: ['err_seq_1', 'err_seq_2', 'err_seq_3', 'err_seq_4', 'err_seq_5', 'err_seq_6', 'err_seq_7', 'err_seq_8', 'err_seq_9', 'err_seq_10', 'err_seq_11']
11:04:21 - INFO     - Generating code for model choice 12...
11:04:29 - INFO     - Generated code: ['err_seq_1', 'err_seq_2', 'err_seq_3', 'err_seq_4', 'err_seq_5', 'err_seq_6', 'err_seq_7', 'err_seq_8', 'err_seq_9', 'err_seq_10', 'err_seq_11', 'err_seq_12']
11:04:29 - INFO     - Generating code for model choice 13...
11:04:40 - INFO     - Generated code: ['err_seq_1', 'err_seq_2', 'err_seq_3', 'err_seq_4', 'err_seq_5', 'err_seq_6', 'err_seq_7', 'err_seq_8', 'err_seq_9', 'err_seq_10', 'err_seq_11', 'err_seq_12', 'err_seq_13']
11:04:40 - INFO     - Generating code for model choice 14...
11:04:49 - INFO     - Generated code: ['err_seq_1', 'err_seq_2', 'err_seq_3', 'err_seq_4', 'err_seq_5', 'err_seq_6', 'err_seq_7', 'err_seq_8', 'err_seq_9', 'err_seq_10', 'err_seq_11', 'err_seq_12', 'err_seq_13', 'err_seq_14']
11:04:49 - INFO     - Generating code for model choice 15...
11:04:58 - INFO     - Generated code: ['err_seq_1', 'err_seq_2', 'err_seq_3', 'err_seq_4', 'err_seq_5', 'err_seq_6', 'err_seq_7', 'err_seq_8', 'err_seq_9', 'err_seq_10', 'err_seq_11', 'err_seq_12', 'err_seq_13', 'err_seq_14', 'err_seq_15']
11:04:58 - INFO     - Generating code for model choice 16...
11:05:06 - INFO     - Generated code: ['err_seq_1', 'err_seq_2', 'err_seq_3', 'err_seq_4', 'err_seq_5', 'err_seq_6', 'err_seq_7', 'err_seq_8', 'err_seq_9', 'err_seq_10', 'err_seq_11', 'err_seq_12', 'err_seq_13', 'err_seq_14', 'err_seq_15', 'err_seq_16']
11:05:06 - INFO     - Generating code for model choice 17...
11:05:15 - INFO     - Generated code: ['err_seq_1', 'err_seq_2', 'err_seq_3', 'err_seq_4', 'err_seq_5', 'err_seq_6', 'err_seq_7', 'err_seq_8', 'err_seq_9', 'err_seq_10', 'err_seq_11', 'err_seq_12', 'err_seq_13', 'err_seq_14', 'err_seq_15', 'err_seq_16', 'err_seq_17']
11:05:15 - INFO     - Generating code for model choice 18...
11:05:23 - INFO     - Generated code: ['err_seq_1', 'err_seq_2', 'err_seq_3', 'err_seq_4', 'err_seq_5', 'err_seq_6', 'err_seq_7', 'err_seq_8', 'err_seq_9', 'err_seq_10', 'err_seq_11', 'err_seq_12', 'err_seq_13', 'err_seq_14', 'err_seq_15', 'err_seq_16', 'err_seq_17', 'err_seq_18']
11:05:23 - INFO     - Generating code for model choice 19...
11:05:32 - INFO     - Generated code: ['err_seq_1', 'err_seq_2', 'err_seq_3', 'err_seq_4', 'err_seq_5', 'err_seq_6', 'err_seq_7', 'err_seq_8', 'err_seq_9', 'err_seq_10', 'err_seq_11', 'err_seq_12', 'err_seq_13', 'err_seq_14', 'err_seq_15', 'err_seq_16', 'err_seq_17', 'err_seq_18', 'err_seq_19']
11:05:32 - INFO     - Generating code for model choice 20...
11:05:41 - INFO     - Generated code: ['err_seq_1', 'err_seq_2', 'err_seq_3', 'err_seq_4', 'err_seq_5', 'err_seq_6', 'err_seq_7', 'err_seq_8', 'err_seq_9', 'err_seq_10', 'err_seq_11', 'err_seq_12', 'err_seq_13', 'err_seq_14', 'err_seq_15', 'err_seq_16', 'err_seq_17', 'err_seq_18', 'err_seq_19', 'err_seq_20']
11:05:41 - INFO     - Generating code for model choice 21...
11:05:49 - INFO     - Generated code: ['err_seq_1', 'err_seq_2', 'err_seq_3', 'err_seq_4', 'err_seq_5', 'err_seq_6', 'err_seq_7', 'err_seq_8', 'err_seq_9', 'err_seq_10', 'err_seq_11', 'err_seq_12', 'err_seq_13', 'err_seq_14', 'err_seq_15', 'err_seq_16', 'err_seq_17', 'err_seq_18', 'err_seq_19', 'err_seq_20', 'err_seq_21']
11:05:49 - INFO     - Generating code for model choice 22...
11:05:57 - INFO     - Generated code: ['err_seq_1', 'err_seq_2', 'err_seq_3', 'err_seq_4', 'err_seq_5', 'err_seq_6', 'err_seq_7', 'err_seq_8', 'err_seq_9', 'err_seq_10', 'err_seq_11', 'err_seq_12', 'err_seq_13', 'err_seq_14', 'err_seq_15', 'err_seq_16', 'err_seq_17', 'err_seq_18', 'err_seq_19', 'err_seq_20', 'err_seq_21', 'err_seq_22']
11:05:57 - INFO     - Generating code for model choice 23...
11:06:06 - INFO     - Generated code: ['err_seq_1', 'err_seq_2', 'err_seq_3', 'err_seq_4', 'err_seq_5', 'err_seq_6', 'err_seq_7', 'err_seq_8', 'err_seq_9', 'err_seq_10', 'err_seq_11', 'err_seq_12', 'err_seq_13', 'err_seq_14', 'err_seq_15', 'err_seq_16', 'err_seq_17', 'err_seq_18', 'err_seq_19', 'err_seq_20', 'err_seq_21', 'err_seq_22', 'err_seq_23']
11:06:06 - INFO     - ✅ PASSED
11:13:10 - INFO     - 🔍 Discovery attempt 1/3
11:13:10 - INFO     - ✅ Discovered server at http://192.168.178.41:5000 (via port 5001)
11:13:10 - INFO     - 
🔍 Checking server health...
11:13:10 - INFO     - ✅ Server is healthy!
11:13:10 - INFO     - Uploading neural network models to the server...
11:13:10 - INFO     - Uploading model for choice 1...
11:13:10 - INFO     - Uploading model for choice 2...
11:13:10 - INFO     - Uploading model for choice 3...
11:13:10 - INFO     - Uploading model for choice 4...
11:13:10 - INFO     - Uploading model for choice 5...
11:13:10 - INFO     - Uploading model for choice 6...
11:13:10 - INFO     - Uploading model for choice 7...
11:13:10 - INFO     - Uploading model for choice 8...
11:13:11 - INFO     - Uploading model for choice 9...
11:13:11 - INFO     - Uploading model for choice 10...
11:13:11 - INFO     - Uploading model for choice 11...
11:13:11 - INFO     - Uploading model for choice 12...
11:13:11 - INFO     - Uploading model for choice 13...
11:13:11 - INFO     - Uploading model for choice 14...
11:13:11 - INFO     - Uploading model for choice 15...
11:13:11 - INFO     - Uploading model for choice 16...
11:13:11 - INFO     - Uploading model for choice 17...
11:13:11 - INFO     - Uploading model for choice 18...
11:13:11 - INFO     - Uploading model for choice 19...
11:13:11 - INFO     - Uploading model for choice 20...
11:13:11 - INFO     - Uploading model for choice 21...
11:13:11 - INFO     - Uploading model for choice 22...
11:13:12 - INFO     - Uploading model for choice 23...
11:13:12 - INFO     - ✅ PASSED
11:13:12 - INFO     - Generating code for the uploaded model...
11:13:12 - INFO     - Generating code for model choice 1...
11:13:19 - INFO     - Generated code: ['err_seq_1']
11:13:19 - INFO     - Generating code for model choice 2...
11:13:29 - INFO     - Generated code: ['err_seq_1', 'err_seq_2']
11:13:29 - INFO     - Generating code for model choice 3...
11:13:40 - INFO     - Generated code: ['err_seq_1', 'err_seq_2', 'err_seq_3']
11:13:40 - INFO     - Generating code for model choice 4...
11:13:48 - INFO     - Generated code: ['err_seq_1', 'err_seq_2', 'err_seq_3', 'err_seq_4']
11:13:48 - INFO     - Generating code for model choice 5...
11:13:56 - INFO     - Generated code: ['err_seq_1', 'err_seq_2', 'err_seq_3', 'err_seq_4', 'err_seq_5']
11:13:56 - INFO     - Generating code for model choice 6...
11:14:05 - INFO     - Generated code: ['err_seq_1', 'err_seq_2', 'err_seq_3', 'err_seq_4', 'err_seq_5', 'err_seq_6']
11:14:05 - INFO     - Generating code for model choice 7...
11:14:15 - INFO     - Generated code: ['err_seq_1', 'err_seq_2', 'err_seq_3', 'err_seq_4', 'err_seq_5', 'err_seq_6', 'err_seq_7']
11:14:15 - INFO     - Generating code for model choice 8...
11:14:23 - INFO     - Generated code: ['err_seq_1', 'err_seq_2', 'err_seq_3', 'err_seq_4', 'err_seq_5', 'err_seq_6', 'err_seq_7', 'err_seq_8']
11:14:23 - INFO     - Generating code for model choice 9...
11:15:42 - INFO     - 🔍 Discovery attempt 1/3
11:15:42 - INFO     - ✅ Discovered server at http://192.168.178.41:5000 (via port 5001)
11:15:42 - INFO     - 
🔍 Checking server health...
11:15:42 - INFO     - ✅ Server is healthy!
11:15:42 - INFO     - Uploading neural network models to the server...
11:15:42 - INFO     - Uploading model for choice 1...
11:15:42 - INFO     - Uploading model for choice 2...
11:15:42 - INFO     - Uploading model for choice 3...
11:15:42 - INFO     - Uploading model for choice 4...
11:15:42 - INFO     - Uploading model for choice 5...
11:15:42 - INFO     - Uploading model for choice 6...
11:15:42 - INFO     - Uploading model for choice 7...
11:15:42 - INFO     - Uploading model for choice 8...
11:15:42 - INFO     - Uploading model for choice 9...
11:15:42 - INFO     - Uploading model for choice 10...
11:15:42 - INFO     - Uploading model for choice 11...
11:15:42 - INFO     - Uploading model for choice 12...
11:15:42 - INFO     - Uploading model for choice 13...
11:15:42 - INFO     - Uploading model for choice 14...
11:15:42 - INFO     - Uploading model for choice 15...
11:15:43 - INFO     - Uploading model for choice 16...
11:15:43 - INFO     - Uploading model for choice 17...
11:15:43 - INFO     - Uploading model for choice 18...
11:15:43 - INFO     - Uploading model for choice 19...
11:15:43 - INFO     - Uploading model for choice 20...
11:15:43 - INFO     - Uploading model for choice 21...
11:15:43 - INFO     - Uploading model for choice 22...
11:15:43 - INFO     - Uploading model for choice 23...
11:15:43 - INFO     - ✅ PASSED
11:15:43 - INFO     - Generating code for the uploaded model...
11:15:43 - INFO     - Generating code for model choice 1...
11:21:00 - INFO     - 🔍 Discovery attempt 1/3
11:21:00 - INFO     - ✅ Discovered server at http://192.168.178.41:5000 (via port 5001)
11:21:00 - INFO     - 
🔍 Checking server health...
11:21:00 - INFO     - ✅ Server is healthy!
11:21:00 - INFO     - Uploading neural network models to the server...
11:21:00 - INFO     - Uploading model for choice 1...
11:21:00 - INFO     - Uploading model for choice 2...
11:21:00 - INFO     - Uploading model for choice 3...
11:21:00 - INFO     - Uploading model for choice 4...
11:21:00 - INFO     - Uploading model for choice 5...
11:21:01 - INFO     - Uploading model for choice 6...
11:21:01 - INFO     - Uploading model for choice 7...
11:21:01 - INFO     - Uploading model for choice 8...
11:21:01 - INFO     - Uploading model for choice 9...
11:21:01 - INFO     - Uploading model for choice 10...
11:21:01 - INFO     - Uploading model for choice 11...
11:21:01 - INFO     - Uploading model for choice 12...
11:21:01 - INFO     - Uploading model for choice 13...
11:21:01 - INFO     - Uploading model for choice 14...
11:21:01 - INFO     - Uploading model for choice 15...
11:21:01 - INFO     - Uploading model for choice 16...
11:21:01 - INFO     - Uploading model for choice 17...
11:21:01 - INFO     - Uploading model for choice 18...
11:21:01 - INFO     - Uploading model for choice 19...
11:21:01 - INFO     - Uploading model for choice 20...
11:21:01 - INFO     - Uploading model for choice 21...
11:21:01 - INFO     - Uploading model for choice 22...
11:21:01 - INFO     - Uploading model for choice 23...
11:21:01 - INFO     - ✅ PASSED
11:21:01 - INFO     - Generating code for the uploaded model...
11:21:01 - INFO     - Generating code for model choice 1...
11:21:09 - INFO     - Generated code: ['err_seq_1']
11:21:09 - INFO     - Generating code for model choice 2...
11:21:18 - INFO     - Generated code: ['err_seq_1', 'err_seq_2']
11:21:18 - INFO     - Generating code for model choice 3...
11:21:27 - INFO     - Generated code: ['err_seq_1', 'err_seq_2', 'err_seq_3']
11:21:27 - INFO     - Generating code for model choice 4...
11:21:36 - INFO     - Generated code: ['err_seq_1', 'err_seq_2', 'err_seq_3', 'err_seq_4']
11:21:36 - INFO     - Generating code for model choice 5...
11:21:46 - INFO     - Generated code: ['err_seq_1', 'err_seq_2', 'err_seq_3', 'err_seq_4', 'err_seq_5']
11:21:46 - INFO     - Generating code for model choice 6...
11:21:54 - INFO     - Generated code: ['err_seq_1', 'err_seq_2', 'err_seq_3', 'err_seq_4', 'err_seq_5', 'err_seq_6']
11:21:54 - INFO     - Generating code for model choice 7...
11:22:04 - INFO     - Generated code: ['err_seq_1', 'err_seq_2', 'err_seq_3', 'err_seq_4', 'err_seq_5', 'err_seq_6', 'err_seq_7']
11:22:04 - INFO     - Generating code for model choice 8...
11:22:13 - INFO     - Generated code: ['err_seq_1', 'err_seq_2', 'err_seq_3', 'err_seq_4', 'err_seq_5', 'err_seq_6', 'err_seq_7', 'err_seq_8']
11:22:13 - INFO     - Generating code for model choice 9...
11:22:21 - INFO     - Generated code: ['err_seq_1', 'err_seq_2', 'err_seq_3', 'err_seq_4', 'err_seq_5', 'err_seq_6', 'err_seq_7', 'err_seq_8', 'err_seq_9']
11:22:21 - INFO     - Generating code for model choice 10...
11:22:29 - INFO     - Generated code: ['err_seq_1', 'err_seq_2', 'err_seq_3', 'err_seq_4', 'err_seq_5', 'err_seq_6', 'err_seq_7', 'err_seq_8', 'err_seq_9', 'err_seq_10']
11:22:29 - INFO     - Generating code for model choice 11...
11:22:39 - INFO     - Generated code: ['err_seq_1', 'err_seq_2', 'err_seq_3', 'err_seq_4', 'err_seq_5', 'err_seq_6', 'err_seq_7', 'err_seq_8', 'err_seq_9', 'err_seq_10', 'err_seq_11']
11:22:39 - INFO     - Generating code for model choice 12...
11:22:48 - INFO     - Generated code: ['err_seq_1', 'err_seq_2', 'err_seq_3', 'err_seq_4', 'err_seq_5', 'err_seq_6', 'err_seq_7', 'err_seq_8', 'err_seq_9', 'err_seq_10', 'err_seq_11', 'err_seq_12']
11:22:48 - INFO     - Generating code for model choice 13...
11:22:56 - INFO     - Generated code: ['err_seq_1', 'err_seq_2', 'err_seq_3', 'err_seq_4', 'err_seq_5', 'err_seq_6', 'err_seq_7', 'err_seq_8', 'err_seq_9', 'err_seq_10', 'err_seq_11', 'err_seq_12', 'err_seq_13']
11:22:56 - INFO     - Generating code for model choice 14...
11:23:04 - INFO     - Generated code: ['err_seq_1', 'err_seq_2', 'err_seq_3', 'err_seq_4', 'err_seq_5', 'err_seq_6', 'err_seq_7', 'err_seq_8', 'err_seq_9', 'err_seq_10', 'err_seq_11', 'err_seq_12', 'err_seq_13', 'err_seq_14']
11:23:04 - INFO     - Generating code for model choice 15...
11:23:12 - INFO     - Generated code: ['err_seq_1', 'err_seq_2', 'err_seq_3', 'err_seq_4', 'err_seq_5', 'err_seq_6', 'err_seq_7', 'err_seq_8', 'err_seq_9', 'err_seq_10', 'err_seq_11', 'err_seq_12', 'err_seq_13', 'err_seq_14', 'err_seq_15']
11:23:12 - INFO     - Generating code for model choice 16...
11:23:22 - INFO     - Generated code: ['err_seq_1', 'err_seq_2', 'err_seq_3', 'err_seq_4', 'err_seq_5', 'err_seq_6', 'err_seq_7', 'err_seq_8', 'err_seq_9', 'err_seq_10', 'err_seq_11', 'err_seq_12', 'err_seq_13', 'err_seq_14', 'err_seq_15', 'err_seq_16']
11:23:22 - INFO     - Generating code for model choice 17...
11:23:31 - INFO     - Generated code: ['err_seq_1', 'err_seq_2', 'err_seq_3', 'err_seq_4', 'err_seq_5', 'err_seq_6', 'err_seq_7', 'err_seq_8', 'err_seq_9', 'err_seq_10', 'err_seq_11', 'err_seq_12', 'err_seq_13', 'err_seq_14', 'err_seq_15', 'err_seq_16', 'err_seq_17']
11:23:31 - INFO     - Generating code for model choice 18...
11:23:40 - INFO     - Generated code: ['err_seq_1', 'err_seq_2', 'err_seq_3', 'err_seq_4', 'err_seq_5', 'err_seq_6', 'err_seq_7', 'err_seq_8', 'err_seq_9', 'err_seq_10', 'err_seq_11', 'err_seq_12', 'err_seq_13', 'err_seq_14', 'err_seq_15', 'err_seq_16', 'err_seq_17', 'err_seq_18']
11:23:40 - INFO     - Generating code for model choice 19...
11:23:49 - INFO     - Generated code: ['err_seq_1', 'err_seq_2', 'err_seq_3', 'err_seq_4', 'err_seq_5', 'err_seq_6', 'err_seq_7', 'err_seq_8', 'err_seq_9', 'err_seq_10', 'err_seq_11', 'err_seq_12', 'err_seq_13', 'err_seq_14', 'err_seq_15', 'err_seq_16', 'err_seq_17', 'err_seq_18', 'err_seq_19']
11:23:49 - INFO     - Generating code for model choice 20...
11:23:58 - INFO     - Generated code: ['err_seq_1', 'err_seq_2', 'err_seq_3', 'err_seq_4', 'err_seq_5', 'err_seq_6', 'err_seq_7', 'err_seq_8', 'err_seq_9', 'err_seq_10', 'err_seq_11', 'err_seq_12', 'err_seq_13', 'err_seq_14', 'err_seq_15', 'err_seq_16', 'err_seq_17', 'err_seq_18', 'err_seq_19', 'err_seq_20']
11:23:58 - INFO     - Generating code for model choice 21...
11:24:09 - INFO     - Generated code: ['err_seq_1', 'err_seq_2', 'err_seq_3', 'err_seq_4', 'err_seq_5', 'err_seq_6', 'err_seq_7', 'err_seq_8', 'err_seq_9', 'err_seq_10', 'err_seq_11', 'err_seq_12', 'err_seq_13', 'err_seq_14', 'err_seq_15', 'err_seq_16', 'err_seq_17', 'err_seq_18', 'err_seq_19', 'err_seq_20', 'err_seq_21']
11:24:09 - INFO     - Generating code for model choice 22...
11:24:17 - INFO     - Generated code: ['err_seq_1', 'err_seq_2', 'err_seq_3', 'err_seq_4', 'err_seq_5', 'err_seq_6', 'err_seq_7', 'err_seq_8', 'err_seq_9', 'err_seq_10', 'err_seq_11', 'err_seq_12', 'err_seq_13', 'err_seq_14', 'err_seq_15', 'err_seq_16', 'err_seq_17', 'err_seq_18', 'err_seq_19', 'err_seq_20', 'err_seq_21', 'err_seq_22']
11:24:17 - INFO     - Generating code for model choice 23...
11:24:25 - INFO     - Generated code: ['err_seq_1', 'err_seq_2', 'err_seq_3', 'err_seq_4', 'err_seq_5', 'err_seq_6', 'err_seq_7', 'err_seq_8', 'err_seq_9', 'err_seq_10', 'err_seq_11', 'err_seq_12', 'err_seq_13', 'err_seq_14', 'err_seq_15', 'err_seq_16', 'err_seq_17', 'err_seq_18', 'err_seq_19', 'err_seq_20', 'err_seq_21', 'err_seq_22', 'err_seq_23']
11:24:25 - INFO     - ✅ PASSED
11:50:59 - INFO     - 🔍 Discovery attempt 1/3
11:50:59 - INFO     - ✅ Discovered server at http://192.168.178.41:5000 (via port 5001)
11:50:59 - INFO     - 
🔍 Checking server health...
11:50:59 - INFO     - ✅ Server is healthy!
11:50:59 - INFO     - Uploading neural network models to the server...
11:50:59 - INFO     - Uploading model for choice 1...
11:50:59 - INFO     - Uploading model for choice 2...
11:50:59 - INFO     - Uploading model for choice 3...
11:50:59 - INFO     - Uploading model for choice 4...
11:50:59 - INFO     - Uploading model for choice 5...
11:50:59 - INFO     - Uploading model for choice 6...
11:50:59 - INFO     - Uploading model for choice 7...
11:50:59 - INFO     - Uploading model for choice 8...
11:50:59 - INFO     - Uploading model for choice 9...
11:50:59 - INFO     - Uploading model for choice 10...
11:50:59 - INFO     - Uploading model for choice 11...
11:50:59 - INFO     - Uploading model for choice 12...
11:50:59 - INFO     - Uploading model for choice 13...
11:50:59 - INFO     - Uploading model for choice 14...
11:50:59 - INFO     - Uploading model for choice 15...
11:51:00 - INFO     - Uploading model for choice 16...
11:51:00 - INFO     - Uploading model for choice 17...
11:51:00 - INFO     - Uploading model for choice 18...
11:51:00 - INFO     - Uploading model for choice 19...
11:51:00 - INFO     - Uploading model for choice 20...
11:51:00 - INFO     - Uploading model for choice 21...
11:51:00 - INFO     - Uploading model for choice 22...
11:51:00 - INFO     - Uploading model for choice 23...
11:51:00 - INFO     - ✅ PASSED
11:51:00 - INFO     - Generating code for the uploaded model...
11:51:00 - INFO     - Generating code for model choice 1...
11:53:34 - INFO     - 🔍 Discovery attempt 1/3
11:53:34 - INFO     - ✅ Discovered server at http://192.168.178.41:5000 (via port 5001)
11:53:34 - INFO     - 
🔍 Checking server health...
11:53:35 - INFO     - ✅ Server is healthy!
11:53:35 - INFO     - Uploading neural network models to the server...
11:53:35 - INFO     - Uploading model for choice 1...
11:53:35 - INFO     - Uploading model for choice 2...
11:53:35 - INFO     - Uploading model for choice 3...
11:53:35 - INFO     - Uploading model for choice 4...
11:53:35 - INFO     - Uploading model for choice 5...
11:53:35 - INFO     - Uploading model for choice 6...
11:53:35 - INFO     - Uploading model for choice 7...
11:53:35 - INFO     - Uploading model for choice 8...
11:53:35 - INFO     - Uploading model for choice 9...
11:53:35 - INFO     - Uploading model for choice 10...
11:53:35 - INFO     - Uploading model for choice 11...
11:53:35 - INFO     - Uploading model for choice 12...
11:53:35 - INFO     - Uploading model for choice 13...
11:53:35 - INFO     - Uploading model for choice 14...
11:53:35 - INFO     - Uploading model for choice 15...
11:53:35 - INFO     - Uploading model for choice 16...
11:53:35 - INFO     - Uploading model for choice 17...
11:53:35 - INFO     - Uploading model for choice 18...
11:53:35 - INFO     - Uploading model for choice 19...
11:53:35 - INFO     - Uploading model for choice 20...
11:53:35 - INFO     - Uploading model for choice 21...
11:53:35 - INFO     - Uploading model for choice 22...
11:53:35 - INFO     - Uploading model for choice 23...
11:53:35 - INFO     - ✅ PASSED
11:53:35 - INFO     - Generating code for the uploaded model...
11:53:35 - INFO     - Generating code for model choice 1...
11:55:48 - INFO     - 🔍 Discovery attempt 1/3
11:55:48 - INFO     - ✅ Discovered server at http://192.168.178.41:5000 (via port 5001)
11:55:48 - INFO     - 
🔍 Checking server health...
11:55:48 - INFO     - ✅ Server is healthy!
11:55:48 - INFO     - Uploading neural network models to the server...
11:55:48 - INFO     - Uploading model for choice 1...
11:55:48 - INFO     - Uploading model for choice 2...
11:55:49 - INFO     - Uploading model for choice 3...
11:55:49 - INFO     - Uploading model for choice 4...
11:55:49 - INFO     - Uploading model for choice 5...
11:55:49 - INFO     - Uploading model for choice 6...
11:55:49 - INFO     - Uploading model for choice 7...
11:55:49 - INFO     - Uploading model for choice 8...
11:55:49 - INFO     - Uploading model for choice 9...
11:55:49 - INFO     - Uploading model for choice 10...
11:55:49 - INFO     - Uploading model for choice 11...
11:55:49 - INFO     - Uploading model for choice 12...
11:55:49 - INFO     - Uploading model for choice 13...
11:55:49 - INFO     - Uploading model for choice 14...
11:55:49 - INFO     - Uploading model for choice 15...
11:55:49 - INFO     - Uploading model for choice 16...
11:55:49 - INFO     - Uploading model for choice 17...
11:55:49 - INFO     - Uploading model for choice 18...
11:55:49 - INFO     - Uploading model for choice 19...
11:55:49 - INFO     - Uploading model for choice 20...
11:55:49 - INFO     - Uploading model for choice 21...
11:55:49 - INFO     - Uploading model for choice 22...
11:55:49 - INFO     - Uploading model for choice 23...
11:55:49 - INFO     - ✅ PASSED
11:55:49 - INFO     - Generating code for the uploaded model...
11:55:49 - INFO     - Generating code for model choice 1...
11:55:57 - INFO     - Generated code: ['err_seq_1']
11:55:57 - INFO     - Generating code for model choice 2...
11:56:05 - INFO     - Generated code: ['err_seq_1', 'err_seq_2']
11:56:05 - INFO     - Generating code for model choice 3...
11:56:12 - INFO     - Generated code: ['err_seq_1', 'err_seq_2', 'err_seq_3']
11:56:12 - INFO     - Generating code for model choice 4...
11:56:20 - INFO     - Generated code: ['err_seq_1', 'err_seq_2', 'err_seq_3', 'err_seq_4']
11:56:20 - INFO     - Generating code for model choice 5...
11:56:28 - INFO     - Generated code: ['err_seq_1', 'err_seq_2', 'err_seq_3', 'err_seq_4', 'err_seq_5']
11:56:28 - INFO     - Generating code for model choice 6...
11:56:35 - INFO     - Generated code: ['err_seq_1', 'err_seq_2', 'err_seq_3', 'err_seq_4', 'err_seq_5', 'err_seq_6']
11:56:35 - INFO     - Generating code for model choice 7...
11:56:45 - INFO     - Generated code: ['err_seq_1', 'err_seq_2', 'err_seq_3', 'err_seq_4', 'err_seq_5', 'err_seq_6', 'err_seq_7']
11:56:45 - INFO     - Generating code for model choice 8...
11:56:52 - INFO     - Generated code: ['err_seq_1', 'err_seq_2', 'err_seq_3', 'err_seq_4', 'err_seq_5', 'err_seq_6', 'err_seq_7', 'err_seq_8']
11:56:52 - INFO     - Generating code for model choice 9...
11:57:00 - INFO     - Generated code: ['err_seq_1', 'err_seq_2', 'err_seq_3', 'err_seq_4', 'err_seq_5', 'err_seq_6', 'err_seq_7', 'err_seq_8', 'err_seq_9']
11:57:00 - INFO     - Generating code for model choice 10...
11:57:07 - INFO     - Generated code: ['err_seq_1', 'err_seq_2', 'err_seq_3', 'err_seq_4', 'err_seq_5', 'err_seq_6', 'err_seq_7', 'err_seq_8', 'err_seq_9', 'err_seq_10']
11:57:07 - INFO     - Generating code for model choice 11...
11:57:15 - INFO     - Generated code: ['err_seq_1', 'err_seq_2', 'err_seq_3', 'err_seq_4', 'err_seq_5', 'err_seq_6', 'err_seq_7', 'err_seq_8', 'err_seq_9', 'err_seq_10', 'err_seq_11']
11:57:15 - INFO     - Generating code for model choice 12...
11:57:23 - INFO     - Generated code: ['err_seq_1', 'err_seq_2', 'err_seq_3', 'err_seq_4', 'err_seq_5', 'err_seq_6', 'err_seq_7', 'err_seq_8', 'err_seq_9', 'err_seq_10', 'err_seq_11', 'err_seq_12']
11:57:23 - INFO     - Generating code for model choice 13...
11:57:30 - INFO     - Generated code: ['err_seq_1', 'err_seq_2', 'err_seq_3', 'err_seq_4', 'err_seq_5', 'err_seq_6', 'err_seq_7', 'err_seq_8', 'err_seq_9', 'err_seq_10', 'err_seq_11', 'err_seq_12', 'err_seq_13']
11:57:30 - INFO     - Generating code for model choice 14...
11:57:39 - INFO     - Generated code: ['err_seq_1', 'err_seq_2', 'err_seq_3', 'err_seq_4', 'err_seq_5', 'err_seq_6', 'err_seq_7', 'err_seq_8', 'err_seq_9', 'err_seq_10', 'err_seq_11', 'err_seq_12', 'err_seq_13', 'err_seq_14']
11:57:39 - INFO     - Generating code for model choice 15...
11:57:46 - INFO     - Generated code: ['err_seq_1', 'err_seq_2', 'err_seq_3', 'err_seq_4', 'err_seq_5', 'err_seq_6', 'err_seq_7', 'err_seq_8', 'err_seq_9', 'err_seq_10', 'err_seq_11', 'err_seq_12', 'err_seq_13', 'err_seq_14', 'err_seq_15']
11:57:46 - INFO     - Generating code for model choice 16...
11:57:54 - INFO     - Generated code: ['err_seq_1', 'err_seq_2', 'err_seq_3', 'err_seq_4', 'err_seq_5', 'err_seq_6', 'err_seq_7', 'err_seq_8', 'err_seq_9', 'err_seq_10', 'err_seq_11', 'err_seq_12', 'err_seq_13', 'err_seq_14', 'err_seq_15', 'err_seq_16']
11:57:54 - INFO     - Generating code for model choice 17...
11:58:02 - INFO     - Generated code: ['err_seq_1', 'err_seq_2', 'err_seq_3', 'err_seq_4', 'err_seq_5', 'err_seq_6', 'err_seq_7', 'err_seq_8', 'err_seq_9', 'err_seq_10', 'err_seq_11', 'err_seq_12', 'err_seq_13', 'err_seq_14', 'err_seq_15', 'err_seq_16', 'err_seq_17']
11:58:02 - INFO     - Generating code for model choice 18...
11:58:10 - INFO     - Generated code: ['err_seq_1', 'err_seq_2', 'err_seq_3', 'err_seq_4', 'err_seq_5', 'err_seq_6', 'err_seq_7', 'err_seq_8', 'err_seq_9', 'err_seq_10', 'err_seq_11', 'err_seq_12', 'err_seq_13', 'err_seq_14', 'err_seq_15', 'err_seq_16', 'err_seq_17', 'err_seq_18']
11:58:10 - INFO     - Generating code for model choice 19...
11:58:18 - INFO     - Generated code: ['err_seq_1', 'err_seq_2', 'err_seq_3', 'err_seq_4', 'err_seq_5', 'err_seq_6', 'err_seq_7', 'err_seq_8', 'err_seq_9', 'err_seq_10', 'err_seq_11', 'err_seq_12', 'err_seq_13', 'err_seq_14', 'err_seq_15', 'err_seq_16', 'err_seq_17', 'err_seq_18', 'err_seq_19']
11:58:18 - INFO     - Generating code for model choice 20...
11:58:26 - INFO     - Generated code: ['err_seq_1', 'err_seq_2', 'err_seq_3', 'err_seq_4', 'err_seq_5', 'err_seq_6', 'err_seq_7', 'err_seq_8', 'err_seq_9', 'err_seq_10', 'err_seq_11', 'err_seq_12', 'err_seq_13', 'err_seq_14', 'err_seq_15', 'err_seq_16', 'err_seq_17', 'err_seq_18', 'err_seq_19', 'err_seq_20']
11:58:26 - INFO     - Generating code for model choice 21...
11:58:33 - INFO     - Generated code: ['err_seq_1', 'err_seq_2', 'err_seq_3', 'err_seq_4', 'err_seq_5', 'err_seq_6', 'err_seq_7', 'err_seq_8', 'err_seq_9', 'err_seq_10', 'err_seq_11', 'err_seq_12', 'err_seq_13', 'err_seq_14', 'err_seq_15', 'err_seq_16', 'err_seq_17', 'err_seq_18', 'err_seq_19', 'err_seq_20', 'err_seq_21']
11:58:33 - INFO     - Generating code for model choice 22...
11:58:42 - INFO     - Generated code: ['err_seq_1', 'err_seq_2', 'err_seq_3', 'err_seq_4', 'err_seq_5', 'err_seq_6', 'err_seq_7', 'err_seq_8', 'err_seq_9', 'err_seq_10', 'err_seq_11', 'err_seq_12', 'err_seq_13', 'err_seq_14', 'err_seq_15', 'err_seq_16', 'err_seq_17', 'err_seq_18', 'err_seq_19', 'err_seq_20', 'err_seq_21', 'err_seq_22']
11:58:42 - INFO     - Generating code for model choice 23...
11:58:50 - INFO     - Generated code: ['err_seq_1', 'err_seq_2', 'err_seq_3', 'err_seq_4', 'err_seq_5', 'err_seq_6', 'err_seq_7', 'err_seq_8', 'err_seq_9', 'err_seq_10', 'err_seq_11', 'err_seq_12', 'err_seq_13', 'err_seq_14', 'err_seq_15', 'err_seq_16', 'err_seq_17', 'err_seq_18', 'err_seq_19', 'err_seq_20', 'err_seq_21', 'err_seq_22', 'err_seq_23']
11:58:50 - INFO     - ✅ PASSED
12:38:23 - INFO     - 🔍 Discovery attempt 1/3
12:38:23 - INFO     - ✅ Discovered server at http://192.168.178.41:5000 (via port 5001)
12:38:23 - INFO     - 
🔍 Checking server health...
12:38:23 - INFO     - ✅ Server is healthy!
12:38:23 - INFO     - Uploading neural network models to the server...
12:38:23 - INFO     - Uploading model for choice 1...
12:38:23 - INFO     - Uploading model for choice 2...
12:38:23 - INFO     - Uploading model for choice 3...
12:38:23 - INFO     - Uploading model for choice 4...
12:38:23 - INFO     - Uploading model for choice 5...
12:38:23 - INFO     - Uploading model for choice 6...
12:38:23 - INFO     - Uploading model for choice 7...
12:38:23 - INFO     - Uploading model for choice 8...
12:38:23 - INFO     - Uploading model for choice 9...
12:38:24 - INFO     - Uploading model for choice 10...
12:38:24 - INFO     - Uploading model for choice 11...
12:38:24 - INFO     - Uploading model for choice 12...
12:38:24 - INFO     - Uploading model for choice 13...
12:38:24 - INFO     - Uploading model for choice 14...
12:38:24 - INFO     - Uploading model for choice 15...
12:38:24 - INFO     - Uploading model for choice 16...
12:38:24 - INFO     - Uploading model for choice 17...
12:38:24 - INFO     - Uploading model for choice 18...
12:38:24 - INFO     - Uploading model for choice 19...
12:38:24 - INFO     - Uploading model for choice 20...
12:38:24 - INFO     - Uploading model for choice 21...
12:38:24 - INFO     - Uploading model for choice 22...
12:38:24 - INFO     - Uploading model for choice 23...
12:38:24 - INFO     - ✅ PASSED
12:38:24 - INFO     - Generating code for the uploaded model...
12:38:24 - INFO     - Generating code for model choice 1...
12:39:46 - INFO     - 🔍 Discovery attempt 1/3
12:39:46 - INFO     - ✅ Discovered server at http://192.168.178.41:5000 (via port 5001)
12:39:46 - INFO     - 
🔍 Checking server health...
12:39:46 - INFO     - ✅ Server is healthy!
12:39:46 - INFO     - Uploading neural network models to the server...
12:39:46 - INFO     - Uploading model for choice 1...
12:39:46 - INFO     - Uploading model for choice 2...
12:39:46 - INFO     - Uploading model for choice 3...
12:39:46 - INFO     - Uploading model for choice 4...
12:39:46 - INFO     - Uploading model for choice 5...
12:39:46 - INFO     - Uploading model for choice 6...
12:39:46 - INFO     - Uploading model for choice 7...
12:39:46 - INFO     - Uploading model for choice 8...
12:39:46 - INFO     - Uploading model for choice 9...
12:39:46 - INFO     - Uploading model for choice 10...
12:39:47 - INFO     - Uploading model for choice 11...
12:39:47 - INFO     - Uploading model for choice 12...
12:39:47 - INFO     - Uploading model for choice 13...
12:39:47 - INFO     - Uploading model for choice 14...
12:39:47 - INFO     - Uploading model for choice 15...
12:39:47 - INFO     - Uploading model for choice 16...
12:39:47 - INFO     - Uploading model for choice 17...
12:39:47 - INFO     - Uploading model for choice 18...
12:39:47 - INFO     - Uploading model for choice 19...
12:39:47 - INFO     - Uploading model for choice 20...
12:39:47 - INFO     - Uploading model for choice 21...
12:39:47 - INFO     - Uploading model for choice 22...
12:39:47 - INFO     - Uploading model for choice 23...
12:39:47 - INFO     - ✅ PASSED
12:39:47 - INFO     - Generating code for the uploaded model...
12:39:47 - INFO     - Generating code for model choice 1...
12:40:17 - INFO     - Generated code: ['err_seq_1']
12:40:17 - INFO     - Generating code for model choice 2...
12:40:25 - INFO     - Generated code: ['err_seq_1', 'err_seq_2']
12:40:25 - INFO     - Generating code for model choice 3...
12:40:35 - INFO     - Generated code: ['err_seq_1', 'err_seq_2', 'err_seq_3']
12:40:35 - INFO     - Generating code for model choice 4...
12:40:46 - INFO     - Generated code: ['err_seq_1', 'err_seq_2', 'err_seq_3', 'err_seq_4']
12:40:46 - INFO     - Generating code for model choice 5...
12:40:54 - INFO     - Generated code: ['err_seq_1', 'err_seq_2', 'err_seq_3', 'err_seq_4', 'err_seq_5']
12:40:54 - INFO     - Generating code for model choice 6...
12:41:02 - INFO     - Generated code: ['err_seq_1', 'err_seq_2', 'err_seq_3', 'err_seq_4', 'err_seq_5', 'err_seq_6']
12:41:02 - INFO     - Generating code for model choice 7...
12:41:13 - INFO     - Generated code: ['err_seq_1', 'err_seq_2', 'err_seq_3', 'err_seq_4', 'err_seq_5', 'err_seq_6', 'err_seq_7']
12:41:13 - INFO     - Generating code for model choice 8...
12:41:22 - INFO     - Generated code: ['err_seq_1', 'err_seq_2', 'err_seq_3', 'err_seq_4', 'err_seq_5', 'err_seq_6', 'err_seq_7', 'err_seq_8']
12:41:22 - INFO     - Generating code for model choice 9...
12:41:31 - INFO     - Generated code: ['err_seq_1', 'err_seq_2', 'err_seq_3', 'err_seq_4', 'err_seq_5', 'err_seq_6', 'err_seq_7', 'err_seq_8', 'err_seq_9']
12:41:31 - INFO     - Generating code for model choice 10...
12:41:40 - INFO     - Generated code: ['err_seq_1', 'err_seq_2', 'err_seq_3', 'err_seq_4', 'err_seq_5', 'err_seq_6', 'err_seq_7', 'err_seq_8', 'err_seq_9', 'err_seq_10']
12:41:40 - INFO     - Generating code for model choice 11...
12:41:48 - INFO     - Generated code: ['err_seq_1', 'err_seq_2', 'err_seq_3', 'err_seq_4', 'err_seq_5', 'err_seq_6', 'err_seq_7', 'err_seq_8', 'err_seq_9', 'err_seq_10', 'err_seq_11']
12:41:48 - INFO     - Generating code for model choice 12...
12:41:57 - INFO     - Generated code: ['err_seq_1', 'err_seq_2', 'err_seq_3', 'err_seq_4', 'err_seq_5', 'err_seq_6', 'err_seq_7', 'err_seq_8', 'err_seq_9', 'err_seq_10', 'err_seq_11', 'err_seq_12']
12:41:57 - INFO     - Generating code for model choice 13...
12:42:05 - INFO     - Generated code: ['err_seq_1', 'err_seq_2', 'err_seq_3', 'err_seq_4', 'err_seq_5', 'err_seq_6', 'err_seq_7', 'err_seq_8', 'err_seq_9', 'err_seq_10', 'err_seq_11', 'err_seq_12', 'err_seq_13']
12:42:05 - INFO     - Generating code for model choice 14...
12:42:13 - INFO     - Generated code: ['err_seq_1', 'err_seq_2', 'err_seq_3', 'err_seq_4', 'err_seq_5', 'err_seq_6', 'err_seq_7', 'err_seq_8', 'err_seq_9', 'err_seq_10', 'err_seq_11', 'err_seq_12', 'err_seq_13', 'err_seq_14']
12:42:13 - INFO     - Generating code for model choice 15...
12:42:22 - INFO     - Generated code: ['err_seq_1', 'err_seq_2', 'err_seq_3', 'err_seq_4', 'err_seq_5', 'err_seq_6', 'err_seq_7', 'err_seq_8', 'err_seq_9', 'err_seq_10', 'err_seq_11', 'err_seq_12', 'err_seq_13', 'err_seq_14', 'err_seq_15']
12:42:22 - INFO     - Generating code for model choice 16...
12:42:32 - INFO     - Generated code: ['err_seq_1', 'err_seq_2', 'err_seq_3', 'err_seq_4', 'err_seq_5', 'err_seq_6', 'err_seq_7', 'err_seq_8', 'err_seq_9', 'err_seq_10', 'err_seq_11', 'err_seq_12', 'err_seq_13', 'err_seq_14', 'err_seq_15', 'err_seq_16']
12:42:32 - INFO     - Generating code for model choice 17...
12:42:41 - INFO     - Generated code: ['err_seq_1', 'err_seq_2', 'err_seq_3', 'err_seq_4', 'err_seq_5', 'err_seq_6', 'err_seq_7', 'err_seq_8', 'err_seq_9', 'err_seq_10', 'err_seq_11', 'err_seq_12', 'err_seq_13', 'err_seq_14', 'err_seq_15', 'err_seq_16', 'err_seq_17']
12:42:41 - INFO     - Generating code for model choice 18...
12:42:48 - INFO     - Generated code: ['err_seq_1', 'err_seq_2', 'err_seq_3', 'err_seq_4', 'err_seq_5', 'err_seq_6', 'err_seq_7', 'err_seq_8', 'err_seq_9', 'err_seq_10', 'err_seq_11', 'err_seq_12', 'err_seq_13', 'err_seq_14', 'err_seq_15', 'err_seq_16', 'err_seq_17', 'err_seq_18']
12:42:48 - INFO     - Generating code for model choice 19...
12:42:56 - INFO     - Generated code: ['err_seq_1', 'err_seq_2', 'err_seq_3', 'err_seq_4', 'err_seq_5', 'err_seq_6', 'err_seq_7', 'err_seq_8', 'err_seq_9', 'err_seq_10', 'err_seq_11', 'err_seq_12', 'err_seq_13', 'err_seq_14', 'err_seq_15', 'err_seq_16', 'err_seq_17', 'err_seq_18', 'err_seq_19']
12:42:56 - INFO     - Generating code for model choice 20...
12:43:04 - INFO     - Generated code: ['err_seq_1', 'err_seq_2', 'err_seq_3', 'err_seq_4', 'err_seq_5', 'err_seq_6', 'err_seq_7', 'err_seq_8', 'err_seq_9', 'err_seq_10', 'err_seq_11', 'err_seq_12', 'err_seq_13', 'err_seq_14', 'err_seq_15', 'err_seq_16', 'err_seq_17', 'err_seq_18', 'err_seq_19', 'err_seq_20']
12:43:04 - INFO     - Generating code for model choice 21...
12:43:12 - INFO     - Generated code: ['err_seq_1', 'err_seq_2', 'err_seq_3', 'err_seq_4', 'err_seq_5', 'err_seq_6', 'err_seq_7', 'err_seq_8', 'err_seq_9', 'err_seq_10', 'err_seq_11', 'err_seq_12', 'err_seq_13', 'err_seq_14', 'err_seq_15', 'err_seq_16', 'err_seq_17', 'err_seq_18', 'err_seq_19', 'err_seq_20', 'err_seq_21']
12:43:12 - INFO     - Generating code for model choice 22...
12:43:22 - INFO     - Generated code: ['err_seq_1', 'err_seq_2', 'err_seq_3', 'err_seq_4', 'err_seq_5', 'err_seq_6', 'err_seq_7', 'err_seq_8', 'err_seq_9', 'err_seq_10', 'err_seq_11', 'err_seq_12', 'err_seq_13', 'err_seq_14', 'err_seq_15', 'err_seq_16', 'err_seq_17', 'err_seq_18', 'err_seq_19', 'err_seq_20', 'err_seq_21', 'err_seq_22']
12:43:22 - INFO     - Generating code for model choice 23...
12:43:31 - INFO     - Generated code: ['err_seq_1', 'err_seq_2', 'err_seq_3', 'err_seq_4', 'err_seq_5', 'err_seq_6', 'err_seq_7', 'err_seq_8', 'err_seq_9', 'err_seq_10', 'err_seq_11', 'err_seq_12', 'err_seq_13', 'err_seq_14', 'err_seq_15', 'err_seq_16', 'err_seq_17', 'err_seq_18', 'err_seq_19', 'err_seq_20', 'err_seq_21', 'err_seq_22', 'err_seq_23']
12:43:31 - INFO     - ✅ PASSED
17:43:07 - INFO     - 🔍 Discovery attempt 1/3
17:43:07 - INFO     - ✅ Discovered server at http://192.168.178.41:5000 (via port 5001)
17:43:07 - INFO     - 
🔍 Checking server health...
17:43:07 - INFO     - ✅ Server is healthy!
17:43:07 - INFO     - Uploading neural network models to the server...
17:43:07 - INFO     - Uploading model for choice 1...
17:43:07 - INFO     - Uploading model for choice 2...
17:43:07 - INFO     - Uploading model for choice 3...
17:43:07 - INFO     - Uploading model for choice 4...
17:43:07 - INFO     - Uploading model for choice 5...
17:43:07 - INFO     - Uploading model for choice 6...
17:43:07 - INFO     - Uploading model for choice 7...
17:43:07 - INFO     - Uploading model for choice 8...
17:43:07 - INFO     - Uploading model for choice 9...
17:43:07 - INFO     - Uploading model for choice 10...
17:43:07 - INFO     - Uploading model for choice 11...
17:43:07 - INFO     - Uploading model for choice 12...
17:43:07 - INFO     - Uploading model for choice 13...
17:43:07 - INFO     - Uploading model for choice 14...
17:43:07 - INFO     - Uploading model for choice 15...
17:43:07 - INFO     - Uploading model for choice 16...
17:43:07 - INFO     - Uploading model for choice 17...
17:43:07 - INFO     - Uploading model for choice 18...
17:43:07 - INFO     - Uploading model for choice 19...
17:43:07 - INFO     - Uploading model for choice 20...
17:43:07 - INFO     - Uploading model for choice 21...
17:43:07 - INFO     - Uploading model for choice 22...
17:43:07 - INFO     - Uploading model for choice 23...
17:43:07 - INFO     - ✅ PASSED
17:43:07 - INFO     - Generating code for the uploaded model...
17:43:07 - INFO     - Generating code for model choice 1...
17:45:23 - INFO     - 🔍 Discovery attempt 1/3
17:45:23 - INFO     - ✅ Discovered server at http://192.168.178.41:5000 (via port 5001)
17:45:23 - INFO     - 
🔍 Checking server health...
17:45:23 - INFO     - ✅ Server is healthy!
17:45:23 - INFO     - Uploading neural network models to the server...
17:45:23 - INFO     - Uploading model for choice 1...
17:45:23 - INFO     - Uploading model for choice 2...
17:45:23 - INFO     - Uploading model for choice 3...
17:45:23 - INFO     - Uploading model for choice 4...
17:45:23 - INFO     - Uploading model for choice 5...
17:45:23 - INFO     - Uploading model for choice 6...
17:45:23 - INFO     - Uploading model for choice 7...
17:45:23 - INFO     - Uploading model for choice 8...
17:45:23 - INFO     - Uploading model for choice 9...
17:45:23 - INFO     - Uploading model for choice 10...
17:45:23 - INFO     - Uploading model for choice 11...
17:45:23 - INFO     - Uploading model for choice 12...
17:45:23 - INFO     - Uploading model for choice 13...
17:45:23 - INFO     - Uploading model for choice 14...
17:45:23 - INFO     - Uploading model for choice 15...
17:45:23 - INFO     - Uploading model for choice 16...
17:45:23 - INFO     - Uploading model for choice 17...
17:45:23 - INFO     - Uploading model for choice 18...
17:45:23 - INFO     - Uploading model for choice 19...
17:45:23 - INFO     - Uploading model for choice 20...
17:45:23 - INFO     - Uploading model for choice 21...
17:45:24 - INFO     - Uploading model for choice 22...
17:45:24 - INFO     - Uploading model for choice 23...
17:45:24 - INFO     - ✅ PASSED
17:45:24 - INFO     - Generating code for the uploaded model...
17:45:24 - INFO     - Generating code for model choice 1...
17:45:35 - INFO     - Generated code: ['err_seq_1']
17:45:35 - INFO     - Generating code for model choice 2...
17:45:47 - INFO     - Generated code: ['err_seq_1', 'err_seq_2']
17:45:47 - INFO     - Generating code for model choice 3...
17:45:59 - INFO     - Generated code: ['err_seq_1', 'err_seq_2', 'err_seq_3']
17:45:59 - INFO     - Generating code for model choice 4...
17:46:11 - INFO     - Generated code: ['err_seq_1', 'err_seq_2', 'err_seq_3', 'err_seq_4']
17:46:11 - INFO     - Generating code for model choice 5...
17:46:20 - INFO     - Generated code: ['err_seq_1', 'err_seq_2', 'err_seq_3', 'err_seq_4', 'err_seq_5']
17:46:20 - INFO     - Generating code for model choice 6...
17:46:32 - INFO     - Generated code: ['err_seq_1', 'err_seq_2', 'err_seq_3', 'err_seq_4', 'err_seq_5', 'err_seq_6']
17:46:32 - INFO     - Generating code for model choice 7...
17:46:42 - INFO     - Generated code: ['err_seq_1', 'err_seq_2', 'err_seq_3', 'err_seq_4', 'err_seq_5', 'err_seq_6', 'err_seq_7']
17:46:42 - INFO     - Generating code for model choice 8...
17:46:54 - INFO     - Generated code: ['err_seq_1', 'err_seq_2', 'err_seq_3', 'err_seq_4', 'err_seq_5', 'err_seq_6', 'err_seq_7', 'err_seq_8']
17:46:54 - INFO     - Generating code for model choice 9...
17:47:04 - INFO     - Generated code: ['err_seq_1', 'err_seq_2', 'err_seq_3', 'err_seq_4', 'err_seq_5', 'err_seq_6', 'err_seq_7', 'err_seq_8', 'err_seq_9']
17:47:04 - INFO     - Generating code for model choice 10...
17:47:17 - INFO     - Generated code: ['err_seq_1', 'err_seq_2', 'err_seq_3', 'err_seq_4', 'err_seq_5', 'err_seq_6', 'err_seq_7', 'err_seq_8', 'err_seq_9', 'err_seq_10']
17:47:17 - INFO     - Generating code for model choice 11...
17:47:28 - INFO     - Generated code: ['err_seq_1', 'err_seq_2', 'err_seq_3', 'err_seq_4', 'err_seq_5', 'err_seq_6', 'err_seq_7', 'err_seq_8', 'err_seq_9', 'err_seq_10', 'err_seq_11']
17:47:28 - INFO     - Generating code for model choice 12...
17:47:40 - INFO     - Generated code: ['err_seq_1', 'err_seq_2', 'err_seq_3', 'err_seq_4', 'err_seq_5', 'err_seq_6', 'err_seq_7', 'err_seq_8', 'err_seq_9', 'err_seq_10', 'err_seq_11', 'err_seq_12']
17:47:40 - INFO     - Generating code for model choice 13...
17:48:09 - INFO     - 🔍 Discovery attempt 1/3
17:48:09 - INFO     - ✅ Discovered server at http://192.168.178.41:5000 (via port 5001)
17:48:09 - INFO     - 
🔍 Checking server health...
17:48:09 - INFO     - ✅ Server is healthy!
17:48:09 - INFO     - Uploading neural network models to the server...
17:48:09 - INFO     - Uploading model for choice 1...
17:48:09 - INFO     - Uploading model for choice 2...
17:48:10 - INFO     - Uploading model for choice 3...
17:48:10 - INFO     - Uploading model for choice 4...
17:48:10 - INFO     - Uploading model for choice 5...
17:48:10 - INFO     - Uploading model for choice 6...
17:48:10 - INFO     - Uploading model for choice 7...
17:48:10 - INFO     - Uploading model for choice 8...
17:48:10 - INFO     - Uploading model for choice 9...
17:48:10 - INFO     - Uploading model for choice 10...
17:48:10 - INFO     - Uploading model for choice 11...
17:48:10 - INFO     - Uploading model for choice 12...
17:48:10 - INFO     - Uploading model for choice 13...
17:48:10 - INFO     - Uploading model for choice 14...
17:48:10 - INFO     - Uploading model for choice 15...
17:48:10 - INFO     - Uploading model for choice 16...
17:48:10 - INFO     - Uploading model for choice 17...
17:48:10 - INFO     - Uploading model for choice 18...
17:48:10 - INFO     - Uploading model for choice 19...
17:48:10 - INFO     - Uploading model for choice 20...
17:48:10 - INFO     - Uploading model for choice 21...
17:48:10 - INFO     - Uploading model for choice 22...
17:48:10 - INFO     - Uploading model for choice 23...
17:48:10 - INFO     - ✅ PASSED
17:48:10 - INFO     - Generating code for the uploaded model...
17:48:10 - INFO     - Generating code for model choice 1...
17:48:23 - INFO     - Generated code: ['err_seq_1']
17:48:23 - INFO     - Generating code for model choice 2...
17:48:34 - INFO     - Generated code: ['err_seq_1', 'err_seq_2']
17:48:34 - INFO     - Generating code for model choice 3...
18:07:12 - INFO     - 🔍 Discovery attempt 1/3
18:07:12 - INFO     - ✅ Discovered server at http://192.168.178.41:5000 (via port 5001)
18:07:12 - INFO     - 
🔍 Checking server health...
18:07:12 - INFO     - ✅ Server is healthy!
18:07:12 - INFO     - Uploading neural network models to the server...
18:07:12 - INFO     - Uploading model for choice 1...
18:07:12 - INFO     - Uploading model for choice 2...
18:07:12 - INFO     - Uploading model for choice 3...
18:07:12 - INFO     - Uploading model for choice 4...
18:07:12 - INFO     - Uploading model for choice 5...
18:07:12 - INFO     - Uploading model for choice 6...
18:07:12 - INFO     - Uploading model for choice 7...
18:07:12 - INFO     - Uploading model for choice 8...
18:07:12 - INFO     - Uploading model for choice 9...
18:07:12 - INFO     - Uploading model for choice 10...
18:07:12 - INFO     - Uploading model for choice 11...
18:07:12 - INFO     - Uploading model for choice 12...
18:07:12 - INFO     - Uploading model for choice 13...
18:07:13 - INFO     - Uploading model for choice 14...
18:07:13 - INFO     - Uploading model for choice 15...
18:07:13 - INFO     - Uploading model for choice 16...
18:07:13 - INFO     - Uploading model for choice 17...
18:07:13 - INFO     - Uploading model for choice 18...
18:07:13 - INFO     - Uploading model for choice 19...
18:07:13 - INFO     - Uploading model for choice 20...
18:07:13 - INFO     - Uploading model for choice 21...
18:07:13 - INFO     - Uploading model for choice 22...
18:07:13 - INFO     - Uploading model for choice 23...
18:07:13 - INFO     - ✅ PASSED
18:07:13 - INFO     - Generating code for the uploaded model...
18:07:13 - INFO     - Generating code for model choice 1...
18:07:39 - INFO     - Generated code: ['err_seq_1']
18:07:39 - INFO     - Generating code for model choice 2...
18:07:55 - INFO     - Generated code: ['err_seq_1', 'err_seq_2']
18:07:55 - INFO     - Generating code for model choice 3...
18:08:11 - INFO     - Generated code: ['err_seq_1', 'err_seq_2', 'err_seq_3']
18:08:11 - INFO     - Generating code for model choice 4...
18:08:25 - INFO     - Generated code: ['err_seq_1', 'err_seq_2', 'err_seq_3', 'err_seq_4']
18:08:25 - INFO     - Generating code for model choice 5...
18:08:43 - INFO     - Generated code: ['err_seq_1', 'err_seq_2', 'err_seq_3', 'err_seq_4', 'err_seq_5']
18:08:43 - INFO     - Generating code for model choice 6...
18:08:59 - INFO     - Generated code: ['err_seq_1', 'err_seq_2', 'err_seq_3', 'err_seq_4', 'err_seq_5', 'err_seq_6']
18:08:59 - INFO     - Generating code for model choice 7...
18:09:14 - INFO     - Generated code: ['err_seq_1', 'err_seq_2', 'err_seq_3', 'err_seq_4', 'err_seq_5', 'err_seq_6', 'err_seq_7']
18:09:14 - INFO     - Generating code for model choice 8...
18:09:31 - INFO     - Generated code: ['err_seq_1', 'err_seq_2', 'err_seq_3', 'err_seq_4', 'err_seq_5', 'err_seq_6', 'err_seq_7', 'err_seq_8']
18:09:31 - INFO     - Generating code for model choice 9...
18:34:56 - INFO     - 🔍 Discovery attempt 1/3
18:35:46 - WARNING  - ⚠️  No response on any port, retrying in 1 second...
18:35:47 - INFO     - 🔍 Discovery attempt 2/3
18:35:47 - INFO     - ✅ Discovered server at http://192.168.178.41:5000 (via port 5001)
18:35:47 - INFO     - 
🔍 Checking server health...
18:35:47 - INFO     - ✅ Server is healthy!
18:35:47 - INFO     - Uploading neural network models to the server...
18:35:47 - INFO     - Uploading model for choice 1...
18:35:47 - INFO     - Uploading model for choice 2...
18:35:47 - INFO     - Uploading model for choice 3...
18:35:47 - INFO     - Uploading model for choice 4...
18:35:48 - INFO     - Uploading model for choice 5...
18:35:48 - INFO     - Uploading model for choice 6...
18:35:48 - INFO     - Uploading model for choice 7...
18:35:48 - INFO     - Uploading model for choice 8...
18:35:48 - INFO     - Uploading model for choice 9...
18:35:48 - INFO     - Uploading model for choice 10...
18:35:48 - INFO     - Uploading model for choice 11...
18:35:48 - INFO     - Uploading model for choice 12...
18:35:48 - INFO     - Uploading model for choice 13...
18:35:48 - INFO     - Uploading model for choice 14...
18:35:48 - INFO     - Uploading model for choice 15...
18:35:48 - INFO     - Uploading model for choice 16...
18:35:48 - INFO     - Uploading model for choice 17...
18:35:48 - INFO     - Uploading model for choice 18...
18:35:48 - INFO     - Uploading model for choice 19...
18:35:48 - INFO     - Uploading model for choice 20...
18:35:48 - INFO     - Uploading model for choice 21...
18:35:48 - INFO     - Uploading model for choice 22...
18:35:48 - INFO     - Uploading model for choice 23...
18:35:48 - INFO     - ✅ PASSED
18:35:48 - INFO     - Generating code for the uploaded model...
18:35:48 - INFO     - Generating code for model choice 1...
18:36:05 - INFO     - Generated code: ['err_seq_1']
18:36:05 - INFO     - Generating code for model choice 2...
18:36:20 - INFO     - Generated code: ['err_seq_1', 'err_seq_2']
18:36:20 - INFO     - Generating code for model choice 3...
18:36:38 - INFO     - Generated code: ['err_seq_1', 'err_seq_2', 'err_seq_3']
18:36:38 - INFO     - Generating code for model choice 4...
18:36:54 - INFO     - Generated code: ['err_seq_1', 'err_seq_2', 'err_seq_3', 'err_seq_4']
18:36:54 - INFO     - Generating code for model choice 5...
18:37:13 - INFO     - Generated code: ['err_seq_1', 'err_seq_2', 'err_seq_3', 'err_seq_4', 'err_seq_5']
18:37:13 - INFO     - Generating code for model choice 6...
18:37:28 - INFO     - Generated code: ['err_seq_1', 'err_seq_2', 'err_seq_3', 'err_seq_4', 'err_seq_5', 'err_seq_6']
18:37:28 - INFO     - Generating code for model choice 7...
18:37:45 - INFO     - Generated code: ['err_seq_1', 'err_seq_2', 'err_seq_3', 'err_seq_4', 'err_seq_5', 'err_seq_6', 'err_seq_7']
18:37:45 - INFO     - Generating code for model choice 8...
18:38:00 - INFO     - Generated code: ['err_seq_1', 'err_seq_2', 'err_seq_3', 'err_seq_4', 'err_seq_5', 'err_seq_6', 'err_seq_7', 'err_seq_8']
18:38:00 - INFO     - Generating code for model choice 9...
18:38:15 - INFO     - Generated code: ['err_seq_1', 'err_seq_2', 'err_seq_3', 'err_seq_4', 'err_seq_5', 'err_seq_6', 'err_seq_7', 'err_seq_8', 'err_seq_9']
18:38:15 - INFO     - Generating code for model choice 10...
18:38:30 - INFO     - Generated code: ['err_seq_1', 'err_seq_2', 'err_seq_3', 'err_seq_4', 'err_seq_5', 'err_seq_6', 'err_seq_7', 'err_seq_8', 'err_seq_9', 'err_seq_10']
18:38:30 - INFO     - Generating code for model choice 11...
18:38:46 - INFO     - Generated code: ['err_seq_1', 'err_seq_2', 'err_seq_3', 'err_seq_4', 'err_seq_5', 'err_seq_6', 'err_seq_7', 'err_seq_8', 'err_seq_9', 'err_seq_10', 'err_seq_11']
18:38:46 - INFO     - Generating code for model choice 12...
18:39:02 - INFO     - Generated code: ['err_seq_1', 'err_seq_2', 'err_seq_3', 'err_seq_4', 'err_seq_5', 'err_seq_6', 'err_seq_7', 'err_seq_8', 'err_seq_9', 'err_seq_10', 'err_seq_11', 'err_seq_12']
18:39:02 - INFO     - Generating code for model choice 13...
18:39:20 - INFO     - Generated code: ['err_seq_1', 'err_seq_2', 'err_seq_3', 'err_seq_4', 'err_seq_5', 'err_seq_6', 'err_seq_7', 'err_seq_8', 'err_seq_9', 'err_seq_10', 'err_seq_11', 'err_seq_12', 'err_seq_13']
18:39:20 - INFO     - Generating code for model choice 14...
18:39:37 - INFO     - Generated code: ['err_seq_1', 'err_seq_2', 'err_seq_3', 'err_seq_4', 'err_seq_5', 'err_seq_6', 'err_seq_7', 'err_seq_8', 'err_seq_9', 'err_seq_10', 'err_seq_11', 'err_seq_12', 'err_seq_13', 'err_seq_14']
18:39:37 - INFO     - Generating code for model choice 15...
18:39:51 - INFO     - Generated code: ['err_seq_1', 'err_seq_2', 'err_seq_3', 'err_seq_4', 'err_seq_5', 'err_seq_6', 'err_seq_7', 'err_seq_8', 'err_seq_9', 'err_seq_10', 'err_seq_11', 'err_seq_12', 'err_seq_13', 'err_seq_14', 'err_seq_15']
18:39:51 - INFO     - Generating code for model choice 16...
18:40:06 - INFO     - Generated code: ['err_seq_1', 'err_seq_2', 'err_seq_3', 'err_seq_4', 'err_seq_5', 'err_seq_6', 'err_seq_7', 'err_seq_8', 'err_seq_9', 'err_seq_10', 'err_seq_11', 'err_seq_12', 'err_seq_13', 'err_seq_14', 'err_seq_15', 'err_seq_16']
18:40:06 - INFO     - Generating code for model choice 17...
18:40:22 - INFO     - Generated code: ['err_seq_1', 'err_seq_2', 'err_seq_3', 'err_seq_4', 'err_seq_5', 'err_seq_6', 'err_seq_7', 'err_seq_8', 'err_seq_9', 'err_seq_10', 'err_seq_11', 'err_seq_12', 'err_seq_13', 'err_seq_14', 'err_seq_15', 'err_seq_16', 'err_seq_17']
18:40:22 - INFO     - Generating code for model choice 18...
18:40:38 - INFO     - Generated code: ['err_seq_1', 'err_seq_2', 'err_seq_3', 'err_seq_4', 'err_seq_5', 'err_seq_6', 'err_seq_7', 'err_seq_8', 'err_seq_9', 'err_seq_10', 'err_seq_11', 'err_seq_12', 'err_seq_13', 'err_seq_14', 'err_seq_15', 'err_seq_16', 'err_seq_17', 'err_seq_18']
18:40:38 - INFO     - Generating code for model choice 19...
18:40:54 - INFO     - Generated code: ['err_seq_1', 'err_seq_2', 'err_seq_3', 'err_seq_4', 'err_seq_5', 'err_seq_6', 'err_seq_7', 'err_seq_8', 'err_seq_9', 'err_seq_10', 'err_seq_11', 'err_seq_12', 'err_seq_13', 'err_seq_14', 'err_seq_15', 'err_seq_16', 'err_seq_17', 'err_seq_18', 'err_seq_19']
18:40:54 - INFO     - Generating code for model choice 20...
18:41:09 - INFO     - Generated code: ['err_seq_1', 'err_seq_2', 'err_seq_3', 'err_seq_4', 'err_seq_5', 'err_seq_6', 'err_seq_7', 'err_seq_8', 'err_seq_9', 'err_seq_10', 'err_seq_11', 'err_seq_12', 'err_seq_13', 'err_seq_14', 'err_seq_15', 'err_seq_16', 'err_seq_17', 'err_seq_18', 'err_seq_19', 'err_seq_20']
18:41:09 - INFO     - Generating code for model choice 21...
18:41:24 - INFO     - Generated code: ['err_seq_1', 'err_seq_2', 'err_seq_3', 'err_seq_4', 'err_seq_5', 'err_seq_6', 'err_seq_7', 'err_seq_8', 'err_seq_9', 'err_seq_10', 'err_seq_11', 'err_seq_12', 'err_seq_13', 'err_seq_14', 'err_seq_15', 'err_seq_16', 'err_seq_17', 'err_seq_18', 'err_seq_19', 'err_seq_20', 'err_seq_21']
18:41:24 - INFO     - Generating code for model choice 22...
18:41:39 - INFO     - Generated code: ['err_seq_1', 'err_seq_2', 'err_seq_3', 'err_seq_4', 'err_seq_5', 'err_seq_6', 'err_seq_7', 'err_seq_8', 'err_seq_9', 'err_seq_10', 'err_seq_11', 'err_seq_12', 'err_seq_13', 'err_seq_14', 'err_seq_15', 'err_seq_16', 'err_seq_17', 'err_seq_18', 'err_seq_19', 'err_seq_20', 'err_seq_21', 'err_seq_22']
18:41:39 - INFO     - Generating code for model choice 23...
18:41:53 - INFO     - Generated code: ['err_seq_1', 'err_seq_2', 'err_seq_3', 'err_seq_4', 'err_seq_5', 'err_seq_6', 'err_seq_7', 'err_seq_8', 'err_seq_9', 'err_seq_10', 'err_seq_11', 'err_seq_12', 'err_seq_13', 'err_seq_14', 'err_seq_15', 'err_seq_16', 'err_seq_17', 'err_seq_18', 'err_seq_19', 'err_seq_20', 'err_seq_21', 'err_seq_22', 'err_seq_23']
18:41:53 - INFO     - ✅ PASSED
19:06:00 - ERROR    - Exception in hook count check
Traceback (most recent call last):
  File "/home/elias/Documents/stm_cast_raspi/.venv/lib/python3.12/site-packages/reacton/core.py", line 1746, in _render
    raise RuntimeError(
RuntimeError: Previously render had 4 effects, this run 1 (in element/component: DataUploadPage()/react.component(ui.pages.data_upload.DataUploadPage)). Are you using conditional hooks?
12:21:41 - WARNING  - 5 out of the last 5 calls to <function TensorFlowTrainer.make_predict_function.<locals>.one_step_on_data_distributed at 0x7ffedc455300> triggered tf.function retracing. Tracing is expensive and the excessive number of tracings could be due to (1) creating @tf.function repeatedly in a loop, (2) passing tensors with different shapes, (3) passing Python objects instead of tensors. For (1), please define your @tf.function outside of the loop. For (2), @tf.function has reduce_retracing=True option that can avoid unnecessary retracing. For (3), please refer to https://www.tensorflow.org/guide/function#controlling_retracing and https://www.tensorflow.org/api_docs/python/tf/function for  more details.
12:21:44 - WARNING  - 6 out of the last 6 calls to <function TensorFlowTrainer.make_predict_function.<locals>.one_step_on_data_distributed at 0x7ffedc5a7ec0> triggered tf.function retracing. Tracing is expensive and the excessive number of tracings could be due to (1) creating @tf.function repeatedly in a loop, (2) passing tensors with different shapes, (3) passing Python objects instead of tensors. For (1), please define your @tf.function outside of the loop. For (2), @tf.function has reduce_retracing=True option that can avoid unnecessary retracing. For (3), please refer to https://www.tensorflow.org/guide/function#controlling_retracing and https://www.tensorflow.org/api_docs/python/tf/function for  more details.
12:48:40 - WARNING  - 5 out of the last 5 calls to <function TensorFlowTrainer.make_predict_function.<locals>.one_step_on_data_distributed at 0x7ffe9c2fa020> triggered tf.function retracing. Tracing is expensive and the excessive number of tracings could be due to (1) creating @tf.function repeatedly in a loop, (2) passing tensors with different shapes, (3) passing Python objects instead of tensors. For (1), please define your @tf.function outside of the loop. For (2), @tf.function has reduce_retracing=True option that can avoid unnecessary retracing. For (3), please refer to https://www.tensorflow.org/guide/function#controlling_retracing and https://www.tensorflow.org/api_docs/python/tf/function for  more details.
12:48:46 - WARNING  - 6 out of the last 6 calls to <function TensorFlowTrainer.make_predict_function.<locals>.one_step_on_data_distributed at 0x7ffe9c691e40> triggered tf.function retracing. Tracing is expensive and the excessive number of tracings could be due to (1) creating @tf.function repeatedly in a loop, (2) passing tensors with different shapes, (3) passing Python objects instead of tensors. For (1), please define your @tf.function outside of the loop. For (2), @tf.function has reduce_retracing=True option that can avoid unnecessary retracing. For (3), please refer to https://www.tensorflow.org/guide/function#controlling_retracing and https://www.tensorflow.org/api_docs/python/tf/function for  more details.
12:54:59 - WARNING  - 5 out of the last 5 calls to <function TensorFlowTrainer.make_predict_function.<locals>.one_step_on_data_distributed at 0x7ffef455bec0> triggered tf.function retracing. Tracing is expensive and the excessive number of tracings could be due to (1) creating @tf.function repeatedly in a loop, (2) passing tensors with different shapes, (3) passing Python objects instead of tensors. For (1), please define your @tf.function outside of the loop. For (2), @tf.function has reduce_retracing=True option that can avoid unnecessary retracing. For (3), please refer to https://www.tensorflow.org/guide/function#controlling_retracing and https://www.tensorflow.org/api_docs/python/tf/function for  more details.
12:55:09 - WARNING  - 6 out of the last 6 calls to <function TensorFlowTrainer.make_predict_function.<locals>.one_step_on_data_distributed at 0x7fff0c3c2b60> triggered tf.function retracing. Tracing is expensive and the excessive number of tracings could be due to (1) creating @tf.function repeatedly in a loop, (2) passing tensors with different shapes, (3) passing Python objects instead of tensors. For (1), please define your @tf.function outside of the loop. For (2), @tf.function has reduce_retracing=True option that can avoid unnecessary retracing. For (3), please refer to https://www.tensorflow.org/guide/function#controlling_retracing and https://www.tensorflow.org/api_docs/python/tf/function for  more details.
12:58:10 - INFO     - Function `function` contains input name(s) resource with unsupported characters which will be renamed to sequential_30_1_dense_80_1_add_readvariableop_resource in the SavedModel.
12:58:10 - INFO     - Function `function` contains input name(s) resource with unsupported characters which will be renamed to sequential_30_1_dense_80_1_add_readvariableop_resource in the SavedModel.
12:58:10 - INFO     - Assets written to: /tmp/tmprkl1rlmo/assets
13:00:25 - WARNING  - 5 out of the last 5 calls to <function TensorFlowTrainer.make_predict_function.<locals>.one_step_on_data_distributed at 0x7ffed44ba480> triggered tf.function retracing. Tracing is expensive and the excessive number of tracings could be due to (1) creating @tf.function repeatedly in a loop, (2) passing tensors with different shapes, (3) passing Python objects instead of tensors. For (1), please define your @tf.function outside of the loop. For (2), @tf.function has reduce_retracing=True option that can avoid unnecessary retracing. For (3), please refer to https://www.tensorflow.org/guide/function#controlling_retracing and https://www.tensorflow.org/api_docs/python/tf/function for  more details.
13:00:38 - WARNING  - 6 out of the last 6 calls to <function TensorFlowTrainer.make_predict_function.<locals>.one_step_on_data_distributed at 0x7ffeec5b4400> triggered tf.function retracing. Tracing is expensive and the excessive number of tracings could be due to (1) creating @tf.function repeatedly in a loop, (2) passing tensors with different shapes, (3) passing Python objects instead of tensors. For (1), please define your @tf.function outside of the loop. For (2), @tf.function has reduce_retracing=True option that can avoid unnecessary retracing. For (3), please refer to https://www.tensorflow.org/guide/function#controlling_retracing and https://www.tensorflow.org/api_docs/python/tf/function for  more details.
13:03:41 - INFO     - Function `function` contains input name(s) resource with unsupported characters which will be renamed to sequential_30_1_dense_75_1_add_readvariableop_resource in the SavedModel.
13:03:41 - INFO     - Function `function` contains input name(s) resource with unsupported characters which will be renamed to sequential_30_1_dense_75_1_add_readvariableop_resource in the SavedModel.
13:03:42 - INFO     - Assets written to: /tmp/tmp_7fafvni/assets
13:20:46 - WARNING  - 5 out of the last 5 calls to <function TensorFlowTrainer.make_predict_function.<locals>.one_step_on_data_distributed at 0x7ffefc6e9c60> triggered tf.function retracing. Tracing is expensive and the excessive number of tracings could be due to (1) creating @tf.function repeatedly in a loop, (2) passing tensors with different shapes, (3) passing Python objects instead of tensors. For (1), please define your @tf.function outside of the loop. For (2), @tf.function has reduce_retracing=True option that can avoid unnecessary retracing. For (3), please refer to https://www.tensorflow.org/guide/function#controlling_retracing and https://www.tensorflow.org/api_docs/python/tf/function for  more details.
13:20:49 - WARNING  - 6 out of the last 6 calls to <function TensorFlowTrainer.make_predict_function.<locals>.one_step_on_data_distributed at 0x7fff2c1476a0> triggered tf.function retracing. Tracing is expensive and the excessive number of tracings could be due to (1) creating @tf.function repeatedly in a loop, (2) passing tensors with different shapes, (3) passing Python objects instead of tensors. For (1), please define your @tf.function outside of the loop. For (2), @tf.function has reduce_retracing=True option that can avoid unnecessary retracing. For (3), please refer to https://www.tensorflow.org/guide/function#controlling_retracing and https://www.tensorflow.org/api_docs/python/tf/function for  more details.
13:34:11 - ERROR    - error closing kernel on shutdown
Traceback (most recent call last):
  File "/home/elias/.local/share/uv/python/cpython-3.12.12-linux-aarch64-gnu/lib/python3.12/asyncio/runners.py", line 195, in run
    return runner.run(main)
           ^^^^^^^^^^^^^^^^
  File "/home/elias/.local/share/uv/python/cpython-3.12.12-linux-aarch64-gnu/lib/python3.12/asyncio/runners.py", line 118, in run
    return self._loop.run_until_complete(task)
           ^^^^^^^^^^^^^^^^^^^^^^^^^^^^^^^^^^^
  File "/home/elias/.local/share/uv/python/cpython-3.12.12-linux-aarch64-gnu/lib/python3.12/asyncio/base_events.py", line 678, in run_until_complete
    self.run_forever()
  File "/home/elias/.local/share/uv/python/cpython-3.12.12-linux-aarch64-gnu/lib/python3.12/asyncio/base_events.py", line 645, in run_forever
    self._run_once()
  File "/home/elias/.local/share/uv/python/cpython-3.12.12-linux-aarch64-gnu/lib/python3.12/asyncio/base_events.py", line 1999, in _run_once
    handle._run()
  File "/home/elias/.local/share/uv/python/cpython-3.12.12-linux-aarch64-gnu/lib/python3.12/asyncio/events.py", line 88, in _run
    self._context.run(self._callback, *self._args)
  File "/home/elias/Documents/stm_cast_raspi/.venv/lib/python3.12/site-packages/uvicorn/server.py", line 70, in serve
    with self.capture_signals():
         ^^^^^^^^^^^^^^^^^^^^^^
  File "/home/elias/.local/share/uv/python/cpython-3.12.12-linux-aarch64-gnu/lib/python3.12/contextlib.py", line 144, in __exit__
    next(self.gen)
  File "/home/elias/Documents/stm_cast_raspi/.venv/lib/python3.12/site-packages/uvicorn/server.py", line 331, in capture_signals
    signal.raise_signal(captured_signal)
  File "/home/elias/.local/share/uv/python/cpython-3.12.12-linux-aarch64-gnu/lib/python3.12/asyncio/runners.py", line 157, in _on_sigint
    raise KeyboardInterrupt()
KeyboardInterrupt

During handling of the above exception, another exception occurred:

Traceback (most recent call last):
  File "/home/elias/Documents/stm_cast_raspi/.venv/lib/python3.12/site-packages/starlette/routing.py", line 701, in lifespan
    await receive()
  File "/home/elias/Documents/stm_cast_raspi/.venv/lib/python3.12/site-packages/uvicorn/lifespan/on.py", line 137, in receive
    return await self.receive_queue.get()
           ^^^^^^^^^^^^^^^^^^^^^^^^^^^^^^
  File "/home/elias/.local/share/uv/python/cpython-3.12.12-linux-aarch64-gnu/lib/python3.12/asyncio/queues.py", line 158, in get
    await getter
asyncio.exceptions.CancelledError

During handling of the above exception, another exception occurred:

Traceback (most recent call last):
  File "/home/elias/Documents/stm_cast_raspi/.venv/lib/python3.12/site-packages/solara/server/starlette.py", line 630, in on_shutdown
    context.close()
  File "/home/elias/Documents/stm_cast_raspi/.venv/lib/python3.12/site-packages/solara/server/kernel_context.py", line 116, in close
    with self, self.lock:
               ^^^^^^^^^
KeyboardInterrupt
13:34:11 - ERROR    - Traceback (most recent call last):
  File "/home/elias/.local/share/uv/python/cpython-3.12.12-linux-aarch64-gnu/lib/python3.12/asyncio/runners.py", line 195, in run
    return runner.run(main)
           ^^^^^^^^^^^^^^^^
  File "/home/elias/.local/share/uv/python/cpython-3.12.12-linux-aarch64-gnu/lib/python3.12/asyncio/runners.py", line 118, in run
    return self._loop.run_until_complete(task)
           ^^^^^^^^^^^^^^^^^^^^^^^^^^^^^^^^^^^
  File "/home/elias/.local/share/uv/python/cpython-3.12.12-linux-aarch64-gnu/lib/python3.12/asyncio/base_events.py", line 678, in run_until_complete
    self.run_forever()
  File "/home/elias/.local/share/uv/python/cpython-3.12.12-linux-aarch64-gnu/lib/python3.12/asyncio/base_events.py", line 645, in run_forever
    self._run_once()
  File "/home/elias/.local/share/uv/python/cpython-3.12.12-linux-aarch64-gnu/lib/python3.12/asyncio/base_events.py", line 1999, in _run_once
    handle._run()
  File "/home/elias/.local/share/uv/python/cpython-3.12.12-linux-aarch64-gnu/lib/python3.12/asyncio/events.py", line 88, in _run
    self._context.run(self._callback, *self._args)
  File "/home/elias/Documents/stm_cast_raspi/.venv/lib/python3.12/site-packages/uvicorn/server.py", line 70, in serve
    with self.capture_signals():
         ^^^^^^^^^^^^^^^^^^^^^^
  File "/home/elias/.local/share/uv/python/cpython-3.12.12-linux-aarch64-gnu/lib/python3.12/contextlib.py", line 144, in __exit__
    next(self.gen)
  File "/home/elias/Documents/stm_cast_raspi/.venv/lib/python3.12/site-packages/uvicorn/server.py", line 331, in capture_signals
    signal.raise_signal(captured_signal)
  File "/home/elias/.local/share/uv/python/cpython-3.12.12-linux-aarch64-gnu/lib/python3.12/asyncio/runners.py", line 157, in _on_sigint
    raise KeyboardInterrupt()
KeyboardInterrupt

During handling of the above exception, another exception occurred:

Traceback (most recent call last):
  File "/home/elias/Documents/stm_cast_raspi/.venv/lib/python3.12/site-packages/starlette/routing.py", line 701, in lifespan
    await receive()
  File "/home/elias/Documents/stm_cast_raspi/.venv/lib/python3.12/site-packages/uvicorn/lifespan/on.py", line 137, in receive
    return await self.receive_queue.get()
           ^^^^^^^^^^^^^^^^^^^^^^^^^^^^^^
  File "/home/elias/.local/share/uv/python/cpython-3.12.12-linux-aarch64-gnu/lib/python3.12/asyncio/queues.py", line 158, in get
    await getter
asyncio.exceptions.CancelledError

13:34:11 - ERROR    - Exception in ASGI application
Traceback (most recent call last):
  File "/home/elias/.local/share/uv/python/cpython-3.12.12-linux-aarch64-gnu/lib/python3.12/asyncio/runners.py", line 195, in run
    return runner.run(main)
           ^^^^^^^^^^^^^^^^
  File "/home/elias/.local/share/uv/python/cpython-3.12.12-linux-aarch64-gnu/lib/python3.12/asyncio/runners.py", line 118, in run
    return self._loop.run_until_complete(task)
           ^^^^^^^^^^^^^^^^^^^^^^^^^^^^^^^^^^^
  File "/home/elias/.local/share/uv/python/cpython-3.12.12-linux-aarch64-gnu/lib/python3.12/asyncio/base_events.py", line 678, in run_until_complete
    self.run_forever()
  File "/home/elias/.local/share/uv/python/cpython-3.12.12-linux-aarch64-gnu/lib/python3.12/asyncio/base_events.py", line 645, in run_forever
    self._run_once()
  File "/home/elias/.local/share/uv/python/cpython-3.12.12-linux-aarch64-gnu/lib/python3.12/asyncio/base_events.py", line 1999, in _run_once
    handle._run()
  File "/home/elias/.local/share/uv/python/cpython-3.12.12-linux-aarch64-gnu/lib/python3.12/asyncio/events.py", line 88, in _run
    self._context.run(self._callback, *self._args)
  File "/home/elias/Documents/stm_cast_raspi/.venv/lib/python3.12/site-packages/uvicorn/server.py", line 70, in serve
    with self.capture_signals():
         ^^^^^^^^^^^^^^^^^^^^^^
  File "/home/elias/.local/share/uv/python/cpython-3.12.12-linux-aarch64-gnu/lib/python3.12/contextlib.py", line 144, in __exit__
    next(self.gen)
  File "/home/elias/Documents/stm_cast_raspi/.venv/lib/python3.12/site-packages/uvicorn/server.py", line 331, in capture_signals
    signal.raise_signal(captured_signal)
  File "/home/elias/.local/share/uv/python/cpython-3.12.12-linux-aarch64-gnu/lib/python3.12/asyncio/runners.py", line 157, in _on_sigint
    raise KeyboardInterrupt()
KeyboardInterrupt

During handling of the above exception, another exception occurred:

Traceback (most recent call last):
  File "/home/elias/Documents/stm_cast_raspi/.venv/lib/python3.12/site-packages/uvicorn/protocols/websockets/websockets_impl.py", line 244, in run_asgi
    result = await self.app(self.scope, self.asgi_receive, self.asgi_send)  # type: ignore[func-returns-value]
             ^^^^^^^^^^^^^^^^^^^^^^^^^^^^^^^^^^^^^^^^^^^^^^^^^^^^^^^^^^^^^
  File "/home/elias/Documents/stm_cast_raspi/.venv/lib/python3.12/site-packages/uvicorn/middleware/proxy_headers.py", line 60, in __call__
    return await self.app(scope, receive, send)
           ^^^^^^^^^^^^^^^^^^^^^^^^^^^^^^^^^^^^
  File "/home/elias/Documents/stm_cast_raspi/.venv/lib/python3.12/site-packages/starlette/applications.py", line 107, in __call__
    await self.middleware_stack(scope, receive, send)
  File "/home/elias/Documents/stm_cast_raspi/.venv/lib/python3.12/site-packages/starlette/middleware/errors.py", line 151, in __call__
    await self.app(scope, receive, send)
  File "/home/elias/Documents/stm_cast_raspi/.venv/lib/python3.12/site-packages/starlette/middleware/gzip.py", line 19, in __call__
    await self.app(scope, receive, send)
  File "/home/elias/Documents/stm_cast_raspi/.venv/lib/python3.12/site-packages/starlette/middleware/exceptions.py", line 63, in __call__
    await wrap_app_handling_exceptions(self.app, conn)(scope, receive, send)
  File "/home/elias/Documents/stm_cast_raspi/.venv/lib/python3.12/site-packages/starlette/_exception_handler.py", line 42, in wrapped_app
    await app(scope, receive, sender)
  File "/home/elias/Documents/stm_cast_raspi/.venv/lib/python3.12/site-packages/starlette/routing.py", line 716, in __call__
    await self.middleware_stack(scope, receive, send)
  File "/home/elias/Documents/stm_cast_raspi/.venv/lib/python3.12/site-packages/starlette/routing.py", line 736, in app
    await route.handle(scope, receive, send)
  File "/home/elias/Documents/stm_cast_raspi/.venv/lib/python3.12/site-packages/starlette/routing.py", line 364, in handle
    await self.app(scope, receive, send)
  File "/home/elias/Documents/stm_cast_raspi/.venv/lib/python3.12/site-packages/starlette/routing.py", line 97, in app
    await wrap_app_handling_exceptions(app, session)(scope, receive, send)
  File "/home/elias/Documents/stm_cast_raspi/.venv/lib/python3.12/site-packages/starlette/_exception_handler.py", line 42, in wrapped_app
    await app(scope, receive, sender)
  File "/home/elias/Documents/stm_cast_raspi/.venv/lib/python3.12/site-packages/starlette/routing.py", line 95, in app
    await func(session)
  File "/home/elias/Documents/stm_cast_raspi/.venv/lib/python3.12/site-packages/solara/server/starlette.py", line 293, in kernel_connection
    await _kernel_connection(ws)
  File "/home/elias/Documents/stm_cast_raspi/.venv/lib/python3.12/site-packages/solara/server/starlette.py", line 366, in _kernel_connection
    async with anyio.from_thread.BlockingPortal() as portal:
               ^^^^^^^^^^^^^^^^^^^^^^^^^^^^^^^^^^
  File "/home/elias/Documents/stm_cast_raspi/.venv/lib/python3.12/site-packages/anyio/from_thread.py", line 199, in __aexit__
    return await self._task_group.__aexit__(exc_type, exc_val, exc_tb)
           ^^^^^^^^^^^^^^^^^^^^^^^^^^^^^^^^^^^^^^^^^^^^^^^^^^^^^^^^^^^
  File "/home/elias/Documents/stm_cast_raspi/.venv/lib/python3.12/site-packages/anyio/_backends/_asyncio.py", line 785, in __aexit__
    raise exc_val
  File "/home/elias/Documents/stm_cast_raspi/.venv/lib/python3.12/site-packages/solara/server/starlette.py", line 369, in _kernel_connection
    await thread_return
  File "/home/elias/Documents/stm_cast_raspi/.venv/lib/python3.12/site-packages/anyio/to_thread.py", line 56, in run_sync
    return await get_async_backend().run_sync_in_worker_thread(
           ^^^^^^^^^^^^^^^^^^^^^^^^^^^^^^^^^^^^^^^^^^^^^^^^^^^^
  File "/home/elias/Documents/stm_cast_raspi/.venv/lib/python3.12/site-packages/anyio/_backends/_asyncio.py", line 2485, in run_sync_in_worker_thread
    return await future
           ^^^^^^^^^^^^
asyncio.exceptions.CancelledError
13:36:23 - ERROR    - Error sending message: This portal is not running, closing websocket
Traceback (most recent call last):
  File "/home/elias/Documents/stm_cast_raspi/.venv/lib/python3.12/site-packages/solara/server/kernel.py", line 217, in send_websockets
    ws.send(binary_msg)
  File "/home/elias/Documents/stm_cast_raspi/.venv/lib/python3.12/site-packages/solara/server/websocket.py", line 26, in send
    self.send_text(data)
  File "/home/elias/Documents/stm_cast_raspi/.venv/lib/python3.12/site-packages/solara/server/starlette.py", line 197, in send_text
    self.portal.call(self._send_text_exc, data)
  File "/home/elias/Documents/stm_cast_raspi/.venv/lib/python3.12/site-packages/anyio/from_thread.py", line 321, in call
    return cast(T_Retval, self.start_task_soon(func, *args).result())
                          ^^^^^^^^^^^^^^^^^^^^^^^^^^^^^^^^^
  File "/home/elias/Documents/stm_cast_raspi/.venv/lib/python3.12/site-packages/anyio/from_thread.py", line 363, in start_task_soon
    self._check_running()
  File "/home/elias/Documents/stm_cast_raspi/.venv/lib/python3.12/site-packages/anyio/from_thread.py", line 203, in _check_running
    raise RuntimeError("This portal is not running")
RuntimeError: This portal is not running
13:36:23 - ERROR    - Error closing websocket: This portal is not running This portal is not running
Traceback (most recent call last):
  File "/home/elias/Documents/stm_cast_raspi/.venv/lib/python3.12/site-packages/solara/server/kernel.py", line 217, in send_websockets
    ws.send(binary_msg)
  File "/home/elias/Documents/stm_cast_raspi/.venv/lib/python3.12/site-packages/solara/server/websocket.py", line 26, in send
    self.send_text(data)
  File "/home/elias/Documents/stm_cast_raspi/.venv/lib/python3.12/site-packages/solara/server/starlette.py", line 197, in send_text
    self.portal.call(self._send_text_exc, data)
  File "/home/elias/Documents/stm_cast_raspi/.venv/lib/python3.12/site-packages/anyio/from_thread.py", line 321, in call
    return cast(T_Retval, self.start_task_soon(func, *args).result())
                          ^^^^^^^^^^^^^^^^^^^^^^^^^^^^^^^^^
  File "/home/elias/Documents/stm_cast_raspi/.venv/lib/python3.12/site-packages/anyio/from_thread.py", line 363, in start_task_soon
    self._check_running()
  File "/home/elias/Documents/stm_cast_raspi/.venv/lib/python3.12/site-packages/anyio/from_thread.py", line 203, in _check_running
    raise RuntimeError("This portal is not running")
RuntimeError: This portal is not running

During handling of the above exception, another exception occurred:

Traceback (most recent call last):
  File "/home/elias/Documents/stm_cast_raspi/.venv/lib/python3.12/site-packages/solara/server/kernel.py", line 229, in send_websockets
    ws.close()
  File "/home/elias/Documents/stm_cast_raspi/.venv/lib/python3.12/site-packages/solara/server/starlette.py", line 174, in close
    self.portal.call(_close_exc)
  File "/home/elias/Documents/stm_cast_raspi/.venv/lib/python3.12/site-packages/anyio/from_thread.py", line 321, in call
    return cast(T_Retval, self.start_task_soon(func, *args).result())
                          ^^^^^^^^^^^^^^^^^^^^^^^^^^^^^^^^^
  File "/home/elias/Documents/stm_cast_raspi/.venv/lib/python3.12/site-packages/anyio/from_thread.py", line 363, in start_task_soon
    self._check_running()
  File "/home/elias/Documents/stm_cast_raspi/.venv/lib/python3.12/site-packages/anyio/from_thread.py", line 203, in _check_running
    raise RuntimeError("This portal is not running")
RuntimeError: This portal is not running
13:40:33 - WARNING  - 5 out of the last 5 calls to <function TensorFlowTrainer.make_predict_function.<locals>.one_step_on_data_distributed at 0x7ffee83dfe20> triggered tf.function retracing. Tracing is expensive and the excessive number of tracings could be due to (1) creating @tf.function repeatedly in a loop, (2) passing tensors with different shapes, (3) passing Python objects instead of tensors. For (1), please define your @tf.function outside of the loop. For (2), @tf.function has reduce_retracing=True option that can avoid unnecessary retracing. For (3), please refer to https://www.tensorflow.org/guide/function#controlling_retracing and https://www.tensorflow.org/api_docs/python/tf/function for  more details.
13:40:38 - WARNING  - 6 out of the last 6 calls to <function TensorFlowTrainer.make_predict_function.<locals>.one_step_on_data_distributed at 0x7fff0c2d6700> triggered tf.function retracing. Tracing is expensive and the excessive number of tracings could be due to (1) creating @tf.function repeatedly in a loop, (2) passing tensors with different shapes, (3) passing Python objects instead of tensors. For (1), please define your @tf.function outside of the loop. For (2), @tf.function has reduce_retracing=True option that can avoid unnecessary retracing. For (3), please refer to https://www.tensorflow.org/guide/function#controlling_retracing and https://www.tensorflow.org/api_docs/python/tf/function for  more details.
13:43:22 - INFO     - Function `function` contains input name(s) resource with unsupported characters which will be renamed to sequential_30_1_dense_75_1_add_readvariableop_resource in the SavedModel.
13:43:22 - INFO     - Function `function` contains input name(s) resource with unsupported characters which will be renamed to sequential_30_1_dense_75_1_add_readvariableop_resource in the SavedModel.
13:43:22 - INFO     - Assets written to: /tmp/tmpy96ufbi5/assets
13:47:25 - INFO     - Assets written to: /tmp/tmpujwtvz0g/assets
13:48:58 - INFO     - Assets written to: /tmp/tmp9i37uy0k/assets
13:52:54 - INFO     - Assets written to: /tmp/tmpu0yfgoh2/assets
13:56:07 - INFO     - Assets written to: /tmp/tmp86c_vvfz/assets
13:58:08 - INFO     - Assets written to: /tmp/tmph2x5vzuk/assets
14:01:52 - INFO     - Assets written to: /tmp/tmpeyu9tdd9/assets
14:04:10 - INFO     - Assets written to: /tmp/tmpsftlx8bt/assets
14:05:21 - INFO     - Assets written to: /tmp/tmpqc9pdaqv/assets
14:06:58 - INFO     - Assets written to: /tmp/tmpkiv0nhq7/assets
14:08:47 - INFO     - Assets written to: /tmp/tmpn1lcwsci/assets
14:11:00 - INFO     - Assets written to: /tmp/tmpirj65c4n/assets
14:13:37 - INFO     - Assets written to: /tmp/tmpdnzsrnxf/assets
14:17:22 - INFO     - Assets written to: /tmp/tmpot5cogak/assets
14:20:22 - INFO     - Assets written to: /tmp/tmpbt0lt4x0/assets
14:22:35 - INFO     - Assets written to: /tmp/tmpsfdv0xt_/assets
14:24:26 - INFO     - Assets written to: /tmp/tmp844du4wv/assets
14:25:46 - INFO     - Assets written to: /tmp/tmp21btwjhv/assets
14:26:12 - INFO     - Assets written to: /tmp/tmpvkqpyryn/assets
14:29:12 - INFO     - Assets written to: /tmp/tmpf276mdt3/assets
14:32:44 - INFO     - Assets written to: /tmp/tmp8rny_bpl/assets
14:34:22 - INFO     - Assets written to: /tmp/tmpwb543qrk/assets
14:36:16 - INFO     - Assets written to: /tmp/tmp8j3vljdz/assets
14:39:59 - WARNING  - 5 out of the last 5 calls to <function TensorFlowTrainer.make_predict_function.<locals>.one_step_on_data_distributed at 0x7ffe504c8680> triggered tf.function retracing. Tracing is expensive and the excessive number of tracings could be due to (1) creating @tf.function repeatedly in a loop, (2) passing tensors with different shapes, (3) passing Python objects instead of tensors. For (1), please define your @tf.function outside of the loop. For (2), @tf.function has reduce_retracing=True option that can avoid unnecessary retracing. For (3), please refer to https://www.tensorflow.org/guide/function#controlling_retracing and https://www.tensorflow.org/api_docs/python/tf/function for  more details.
14:40:08 - WARNING  - 6 out of the last 6 calls to <function TensorFlowTrainer.make_predict_function.<locals>.one_step_on_data_distributed at 0x7ffe68433740> triggered tf.function retracing. Tracing is expensive and the excessive number of tracings could be due to (1) creating @tf.function repeatedly in a loop, (2) passing tensors with different shapes, (3) passing Python objects instead of tensors. For (1), please define your @tf.function outside of the loop. For (2), @tf.function has reduce_retracing=True option that can avoid unnecessary retracing. For (3), please refer to https://www.tensorflow.org/guide/function#controlling_retracing and https://www.tensorflow.org/api_docs/python/tf/function for  more details.
14:43:00 - INFO     - Function `function` contains input name(s) resource with unsupported characters which will be renamed to sequential_30_1_dense_79_1_add_readvariableop_resource in the SavedModel.
14:43:00 - INFO     - Function `function` contains input name(s) resource with unsupported characters which will be renamed to sequential_30_1_dense_79_1_add_readvariableop_resource in the SavedModel.
14:43:00 - INFO     - Assets written to: /tmp/tmpra3zbp9b/assets
14:43:34 - INFO     - Assets written to: /tmp/tmpsti5e84a/assets
14:45:41 - INFO     - Assets written to: /tmp/tmpyc03j55_/assets
14:49:11 - INFO     - Assets written to: /tmp/tmpen3qtbqe/assets
14:52:40 - INFO     - Assets written to: /tmp/tmpyc53lt40/assets
14:53:56 - INFO     - Assets written to: /tmp/tmpjqai49p6/assets
14:55:45 - INFO     - Assets written to: /tmp/tmpo8gaah_v/assets
14:57:49 - INFO     - Assets written to: /tmp/tmpyul02c_y/assets
15:00:31 - INFO     - Assets written to: /tmp/tmp908n_wp8/assets
15:02:26 - INFO     - Assets written to: /tmp/tmpuvovof7v/assets
15:04:25 - INFO     - Assets written to: /tmp/tmpny_b5po5/assets
15:06:23 - INFO     - Assets written to: /tmp/tmp4f3przww/assets
15:10:24 - INFO     - Assets written to: /tmp/tmptsf96yi8/assets
15:13:04 - INFO     - Assets written to: /tmp/tmp88hzxbsy/assets
15:14:36 - INFO     - Assets written to: /tmp/tmp5cux8gf0/assets
15:16:09 - INFO     - Assets written to: /tmp/tmpykwofrb_/assets
15:18:40 - INFO     - Assets written to: /tmp/tmpxpo00s0z/assets
15:21:15 - INFO     - Assets written to: /tmp/tmpl6yngulo/assets
15:24:00 - INFO     - Assets written to: /tmp/tmp3smzimpd/assets
15:26:29 - INFO     - Assets written to: /tmp/tmp6o_gcsnc/assets
15:29:11 - INFO     - Assets written to: /tmp/tmp3onh3qwg/assets
15:30:56 - INFO     - Assets written to: /tmp/tmp1gr2r4am/assets
15:33:00 - INFO     - Assets written to: /tmp/tmplbb834_o/assets
21:20:13 - INFO     - 🔍 Discovery attempt 1/3
21:20:14 - INFO     - ✅ Discovered server at http://192.168.178.41:5000 (via port 5001)
21:20:14 - INFO     - 
🔍 Checking server health...
21:20:14 - INFO     - ✅ Server is healthy!
21:20:14 - INFO     - Uploading neural network models to the server...
21:20:14 - INFO     - Uploading model for choice 1...
21:40:07 - INFO     - 🔍 Discovery attempt 1/3
21:40:07 - INFO     - ✅ Discovered server at http://192.168.178.41:5000 (via port 5001)
21:40:07 - INFO     - 
🔍 Checking server health...
21:40:07 - INFO     - ✅ Server is healthy!
21:41:31 - INFO     - 🔍 Discovery attempt 1/3
21:41:31 - INFO     - ✅ Discovered server at http://192.168.178.41:5000 (via port 5001)
21:41:31 - INFO     - 
🔍 Checking server health...
21:41:31 - INFO     - ✅ Server is healthy!
21:41:31 - INFO     - Set model type to temperature
21:41:31 - INFO     - Uploading neural network models to the server...
21:41:31 - INFO     - Uploading model for choice 1...
21:41:31 - INFO     - Uploading model for choice 2...
21:41:31 - INFO     - Uploading model for choice 3...
21:41:31 - INFO     - Uploading model for choice 4...
21:41:31 - INFO     - Uploading model for choice 5...
21:41:31 - INFO     - Uploading model for choice 6...
21:41:32 - INFO     - Uploading model for choice 7...
21:41:32 - INFO     - Uploading model for choice 8...
21:41:32 - INFO     - Uploading model for choice 9...
21:41:32 - INFO     - Uploading model for choice 10...
21:41:32 - INFO     - Uploading model for choice 11...
21:41:32 - INFO     - Uploading model for choice 12...
21:41:32 - INFO     - Uploading model for choice 13...
21:41:32 - INFO     - Uploading model for choice 14...
21:41:33 - INFO     - Uploading model for choice 15...
21:41:33 - INFO     - Uploading model for choice 16...
21:41:33 - INFO     - Uploading model for choice 17...
21:41:33 - INFO     - Uploading model for choice 18...
21:41:33 - INFO     - Uploading model for choice 19...
21:41:33 - INFO     - Uploading model for choice 20...
21:41:33 - INFO     - Uploading model for choice 21...
21:41:33 - INFO     - Uploading model for choice 22...
21:41:33 - INFO     - Uploading model for choice 23...
21:41:34 - INFO     - ✅ PASSED
21:41:34 - INFO     - Generating code for the uploaded model...
21:41:34 - INFO     - Generating code for model choice 1...
